|time|url|author|title|ip|content|all|push|neutral|dislike
0|Thu Mar 21 14:05:32 2019|https://www.ptt.cc/bbs/Gossiping/M.1553148334.A.E3B.html|nmhl (就這樣先)|請問有無林園石斑魚苗的掛？|182.234.66.238|"  小弟近期被家中長輩帶到林園地區拜訪做石斑魚苗的養殖戶  聊天過程中 對方有透露出 若有心想學經驗 願意無償帶小弟做一兩次 但相關開支（包括  飼料水電等等）當然是我要負責  該養殖戶只處理魚蛋到白身這階段 到規格後會有番仔來收 要我不用擔心銷售通路問題  想請教版上神通廣大的先進們 這個產業還可以投入嗎  小弟在此先向各位願意給建議的大大們鞠躬道謝 感謝  ※ 八卦板務請到 GossipPicket 檢舉板詢問  ※ a.張貼問卦請注意，充實文章內容、是否有專板，本板並非萬能問板。  ※ b.一天只能張貼 ""兩則"" 問卦，自刪及被刪也算兩篇之內，  ※   超貼者將被水桶，請注意!  ※ c.本看板嚴格禁止政治問卦，發文問卦前請先仔細閱讀相關板規。  ※ d.未滿30繁體中文字水桶3個月，嚴重者以鬧板論，請注意！  ※ (↑看完提醒請刪除ctrl + y)    --  "|9|2|4|3
1|Thu Mar 21 14:05:54 2019|https://www.ptt.cc/bbs/Gossiping/M.1553148356.A.C08.html|JapanEmperor (暗天皇黑鮑)|Re: [新聞] 火速通過！紐西蘭槍枝新法規定 這類槍支|101.13.229.223|  左膠一直在吠恐攻份子能殺50人，  就是因為他有槍。    事實是，  那些新移民可能因尚不熟悉紐國法律，  所以沒有槍才被一直殺。    若當初恐攻份子打毛利獵人的營區，  搞不好沒殺兩個人就被打成蜂窩。    台灣是因為極端份子少，  所以才不知道自我防衛的重要性，  可能要哪天某個有槍的8+9變鄭捷，  （台灣黑槍極多）  左膠才會明白自己有多傻。      --  |4|0|3|1
2|Thu Mar 21 14:06:40 2019|https://www.ptt.cc/bbs/Gossiping/M.1553148404.A.4BD.html|cycling (來咬我啊笨蛋)|[問卦] 有沒有開服第一天就要維修四小時的八卦|123.193.56.55|    如題啦    爆爆王M剛剛緊急公告說要維護四小時到六點    那之前測試是在搞屁喔    働 有沒有八卦    --   ／ ◥◣    ◢◤ ＼　  / ╯╰   ＼╭╮  　\　　　     　  ▁ 嗡嗡嗡～  \ ╮╭     \ ▃▃▂▂▃▄▅▆▇███ 嗡嗡嗡～   ＼        / 一︸ ﹌︸一～︷﹏﹎    ！嗡嗡嗡～           ／╰╯         　　　  ﹌︸│嗡嗡嗡～    --  |7|2|4|1
3|Thu Mar 21 14:07:05 2019|https://www.ptt.cc/bbs/Gossiping/M.1553148427.A.853.html|simple52034 (CurryChief)|[問卦] 台北音樂bar|36.231.30.175|  想請教各位30公分/H罩杯    台北有哪些音樂BAR是比較高級的呢?    老闆最好不會說:「整個大台北只有我的酒吧能叫客人聽莫札特的音樂」    我怕酒喝茫了直接被老闆丟下樓    有推薦的嗎?      --  |1|1|0|0
4|Thu Mar 21 14:07:24 2019|https://www.ptt.cc/bbs/Gossiping/M.1553148446.A.531.html|antivenom (中國國民黨PTT黨工專用ID)|[問卦] 八卦板宅男是不是達爾文主義的淘汰品??|111.82.125.172|  八卦板宅男 每次只要看到  社會新聞報導有人掛掉還是貧窮那些  就會在推文裡面說達爾文主義    但是看來看去  達爾文餓主義的最該淘汰的垃圾廢物  不就是八卦板這些宅男嗎    上線鍵盤很強 現實卻是邊緣人窮酸魯蛇  是不是??      --  |6|0|4|2
5|Thu Mar 21 14:07:26 2019|https://www.ptt.cc/bbs/Gossiping/M.1553148449.A.DF1.html|pitalvlu (pital)|[臉書] 賴清德|180.204.135.164|  臉書卦點說明：    前行政院-賴清德 院長 稍早 說明蔡總統此時此刻出國為台灣拼外交，並給予祝福。      臉書連結：    http://bit.ly/2CxwnQS      ＦＢ內容：    今天，蔡總統將率團出訪太平洋友邦帛琉、諾魯以及赴馬紹爾群島出席太平洋婦女領袖的  聯盟會議，並且過境美國夏威夷，為台灣拼外交。    祝總統身體健康，一切平安順利。    --  |21|12|6|3
6|Thu Mar 21 14:07:56 2019|https://www.ptt.cc/bbs/Gossiping/M.1553148478.A.CFA.html|"passing (0""_""0)"|[問卦] 什麼工作每天都有在進步??|36.231.19.60|  大家好    是不是大多數人    工作幾年後技能學得差不多    就是一直做同樣事情    好像也沒辦法累積什麼技能    經驗值可以累積但是上升速度跟充滿等一樣緩慢    但是想升官又得靠這停滯不前經驗值    遇到這種事情是果斷換工作好    還是世界上工作都是這樣    根本沒有什麼工作是沒有你不行的    --  |13|6|6|1
7|Thu Mar 21 14:08:03 2019|https://www.ptt.cc/bbs/Gossiping/M.1553148490.A.8C4.html|kaan888 (kaanChan)|[問卦]台積電77%股權是外國人的八卦|66.98.115.39|    台灣人引以為榮的台積電，原來是一家『假台灣公司』    超過77%的股權是外國人的。  http://i.imgur.com/ES0uWXy.jpg    而且張忠謀還是一個美國人，關於他ROC籍一直『可疑』  http://i.imgur.com/PgQeBKZ.jpg    https://www.tsmc.com/download/ir/annualReports/2014/chinese/c_4_1.html    有沒有台積實質是外國公司的八卦？    --  民主大法好，全民被洗腦。用愛能發電，選票能管飽。  佔領立法院，冷氣不太好。民主有福利，摸奶少不了。  大腸花女王，十萬就能搞。慰安成自願，阿嬤樂當婊。  選舉是大事，其他算個鳥。幾個爛蘋果，不知哪個好。  日雜當總統，這事不算巧。選個貪污犯，最後被扳倒。  來個馬娘娘，啥事幹不了。後有空心蔡，臺獨騙老小。    --  |21|3|11|7
8|Thu Mar 21 14:08:03 2019|https://www.ptt.cc/bbs/Gossiping/M.1553148490.A.8C4.html|kaan888 (kaanChan)|[問卦]台積電77%股權是外國人的八卦|66.98.115.39|    台灣人引以為榮的台積電，原來是一家『假台灣公司』    超過77%的股權是外國人的。  http://i.imgur.com/ES0uWXy.jpg    而且張忠謀還是一個美國人，關於他ROC籍一直『可疑』  http://i.imgur.com/PgQeBKZ.jpg    https://www.tsmc.com/download/ir/annualReports/2014/chinese/c_4_1.html    有沒有台積實質是外國公司的八卦？    --  民主大法好，全民被洗腦。用愛能發電，選票能管飽。  佔領立法院，冷氣不太好。民主有福利，摸奶少不了。  大腸花女王，十萬就能搞。慰安成自願，阿嬤樂當婊。  選舉是大事，其他算個鳥。幾個爛蘋果，不知哪個好。  日雜當總統，這事不算巧。選個貪污犯，最後被扳倒。  來個馬娘娘，啥事幹不了。後有空心蔡，臺獨騙老小。    --  |21|3|11|7
9|Thu Mar 21 14:09:17 2019|https://www.ptt.cc/bbs/Gossiping/M.1553148560.A.257.html|hjgx (妳害了我的狗)|[問卦] 執政包袱是什麼？|114.32.121.27|  大家好我是被新北地檢署80的海山屌哥啦    我看哦  台獨集團最近的口頭禪是  執政包袱    BUTBUTBUT  當初支援太陽花到上台執政的過程中  他們一直強調說他們沒有包袱    那些老鬼米蟲廢物應該是敵人的包袱  怎麼你也有包袱？    --  「今天司法改革交給這些人，怎麼會改革，他們就是一個幫派，    幫派大哥出了事，二哥就護大哥，小弟就在旁邊吆喝，這就是今天司法的問題。」    --  |2|1|1|0
10|Thu Mar 21 14:10:00 2019|https://www.ptt.cc/bbs/Gossiping/M.1553148602.A.E94.html|yoyostar1990 (~Yoyo~)|[問卦] 成大是不是先天最強大學？|140.116.1.138|  撇開教授學生的程度    成大是不是先天最強的大學？    佔地廣闊 有大學氣息不像學店    旁邊就有火車站 方便學生返校    附近還有百貨公司 可以就近逛街看電影    大學還有醫學院 台灣學子最高榮譽殿堂    成大是不是先天最強大學    有沒有八卦    --  |11|4|2|5
11|Thu Mar 21 14:10:25 2019|https://www.ptt.cc/bbs/Gossiping/M.1553148629.A.096.html|aotfs2013 (小隻釋迦)|[爆卦] 各縣市個人/家戶所得中位數|114.25.114.47|  106年所得中位數    每戶按縣市別分  https://i.imgur.com/a3msjjE.png    每人按縣市別分:  https://i.imgur.com/ugmJ8Nm.png    資料來源:  行政院主計總處    可支配所得定義:  所得總額減去無法自由支配使用之非消費支出 (如賦稅支出、利息支出、捐贈及其他移轉  支出) 後，即為家庭可支配所得，可由家庭自由支配使用於消費或儲蓄。  （台北市主計處）    --  |2|2|0|0
12|Thu Mar 21 14:10:36 2019|https://www.ptt.cc/bbs/Gossiping/M.1553148639.A.E93.html|catwalk456 (巴黎草莓)|Re: [新聞] 郭倍宏辭職民視董事長！郭派勢力全面退出|125.227.50.235|  ※ 引述《sezna (sezna)》之銘言：  : 郭倍宏辭職民視董事長！郭派勢力全面退出民視另有目的  : https://ent.ltn.com.tw/news/breakingnews/2734083  : 事實上，當初「民投」董事會，郭倍宏無預警被倒戈後，他仍想拗回局面，不過郭倍宏糗  : 事卻被連環爆，先是涉嫌竄改會議紀錄，爾後被反郭派董事指出向銀行借貸7億，但7億金  : 流卻不知去向，眾董事要求查帳之餘，早已對郭倍宏產生不信任感；再來郭倍宏一上任就  : 打破民視18年來賺錢的傳統，大刀闊斧開數個政論節目，支出入不敷出害民視賠錢；人事  : 部分則力擁貼身洪姓助理，傳出要以洪姓特助取代總經理王明玉，而郭倍宏辭去民視董事    哈哈哈，還有臉笑國民黨，  借貸七億，結果七億不知去向，  真的把國民黨黨產追回來，  到時候給你們民進黨，  還不是不知去向，  肥就只是肥那一小群人啦，  剩下的廠公就乖乖領薪水上下班啦！    --   作者  a000000000 (工口芒果老師)                              看板  Gossiping    標題  Re: [問卦] 覺青做錯什麼事                                                 時間  Sun Nov 19 12:20:37 2017                                                 ───────────────────────────────────────  智障在那邊嗆智力測驗  這大概只有台灣看的到八    --  |0|0|0|0
13|Thu Feb 21 19:44:02 2019|https://www.ptt.cc/bbs/Gossiping/M.1550749445.A.B40.html|seabox (歐陽盒盒)|[公告] 八卦板板規(2019.02.21)|36.234.63.227|  ╭─────────────────────────────────────╮  │ 本板為PTT八卦板，文章、推文及板務處理原則均依循中華民國法律、站規規範發　│  │ 文者，不得因不知相關板規而免卻責任。                                     │  ╰─────────────────────────────────────╯    第一章：文章管理      第一條：〔總則〕    ￣￣￣￣￣￣￣￣　   ‧ 八卦定義為「小道消息」、「花邊新聞」。討論人物需為公眾之人、事、物，      凡是文章內容無八卦、與八卦無關者，板主得依本板規刪除。     ‧ 經舉證該八卦文為虛構，文章予以刪除。經查有惡意造謠者，視同鬧板。     ‧ 每日發文(含回文)額度，不得超過五篇。其中：        1.問卦不得超過二篇      2.新聞不得超過一篇      3.ＦＢ不得超過一篇      4.轉錄不得超過一篇        因任何原因自刪、被板主刪除或分身張貼，皆視同使用額度。      每超貼一篇水桶一個月，兩篇給予水桶兩個月，依此類推。     ‧ 文章請使用本看板所提供之分類，自訂分類或無分類之文章一律刪除。      轉錄文章則不限分類。     ‧ 本板對於他板有符合時事下之重大、深入極具八卦內容之文章開放轉錄，為避免板      友濫用，必須經過原發文者同意才能轉錄，限制一人一天一篇。轉錄文章若違反八      卦板板規，板主可依相關板規處置。     ‧ 禁止從站內信轉錄文章，違者刪除。若違反板規，如超貼、政問等，依板規處理。        註：未經原發文者同意轉錄文章板主可給予刪除，此檢舉須由原發文者自行檢舉，          ，目前不接受他人代為檢舉。        第二條：〔問卦及爆卦類文章規範〕    ￣￣￣￣￣￣￣￣￣￣￣￣￣￣￣   ‧ 本條所指為張貼以[問卦]、[爆卦]、[ＦＢ]為標題，或回覆文章目的為問卦或      爆卦者均適用本條規定。     ‧ 問卦文章每位使用者一天兩篇為限，ＦＢ文章每位使用者一天一篇為限，      文章任何原因刪除仍適用問卦篇數額度，分身張貼亦算額度，超貼者依總則。     ‧ 問卦文章有以下情事者文章板主得刪除該文。        1.問卦內容有相關看板。      2.問卦內容貧乏。      3.問卦內容無法引發八卦討論。      4.問卦內容已被其他使用者發問過相同或類似問題。     ‧ 問卦文內容貧乏者，請充實問卦內容；勿提問閒聊式問題，違者刪除。     ‧ 問卦文章涉及政治人物、議題板主得刪除並水桶發文使用者（相關定義第四條說明)     ‧ 勿濫用爆卦，無重大八卦文章（出自各社群網站之無八卦文、某節目現在討論之某      議題），請勿發表，違者刪除處理。     ‧ 濫用爆卦嚴重者視同鬧板文處理。     ‧ 禁止以問卦或爆卦方式偷渡新聞，否則視同每日新聞發文限制篇數（超過一篇須按      照板規三水桶處理）。     ‧ 臉書爆卦請使用[臉書]為分類。        1.[臉書]分類只接受三日內的臉書發文爆卦，違者刪除。      2.[臉書]分類只能寫上「臉書名稱」或「臉書名稱+日期」當標題，違者刪除。      3.ＦＢ上的留言不能使用[臉書]當分類，違者刪除。      4.[臉書]必須附上２０字評論，說明卦點在哪，違者水桶一個月。      5.[臉書]無附上完整文字內容、附加連結、附加圖片，該文刪除。      6.非公眾人物的臉書爆卦未牽涉公眾利益議題者刪除。        (非公眾人物需當事人同意轉載)      7.公眾人物臉書爆卦如無八卦或無涉公益者刪除。      8.禁止廣告利益性質的臉書爆卦，視同廣告文規定處理。      9.濫用臉書爆卦嚴重者視同鬧板文。  　 10.一個人一天只能PO一則[臉書]，且不得將多則ＦＢ貼文放在同一篇，違者刪除。     11.使用其他分類偷渡[臉書]文者刪除，且視為每日[臉書]發文額度。        第三條：〔新聞張貼規範〕    ￣￣￣￣￣￣￣￣￣￣￣￣   ‧ 本條所指為張貼新聞須以[新聞]為文章分類，他板轉錄之新聞亦適用本條規定。      本類文章每位使用者一天以一篇為限（任何原因自刪及被板主刪除均計入額度，  分身張貼，回文張貼三日內新聞、換新聞等，亦算新聞篇數配額），超貼部分水桶      處分。     ‧ 回文以及新聞備註內張貼過期三日以上之新聞（新聞內容、標題、連結）      必須加上二十字以上評論或分析，違者之文章刪除或新聞超貼水桶。     ‧ 文章有下列情事者文章刪除。        1.新聞格式錯誤，未依下列新聞格式張貼者，包含：        a.文章標題須為原新聞標題。        b.內文需有完整新聞標題/內文。        c.內文需附上新聞連結。        d.文章網址過長或中文網址不能直接點擊連結來源網頁者。        e.故意修改新聞內容。        2.相同新聞重覆者。      3.新聞日期超過三天以上。      4.分篇新聞(新聞標題相同以數字、符號區隔的分篇新聞)非第一篇張貼者。      5.派令、社論、讀者投書、特稿、雜誌撰稿、公民新聞類、今日我最美類等非媒體        新聞等未涉及政治人物議題者。      6.影音新聞內文未附官方文稿及非媒體官方帳號張貼之影音新聞者。      7.無記者採訪、發售資訊、泛商業類...等無新聞價值之報導。      8.新聞連結無法開啟者（被移除、網址錯誤…等)。      9.未依備註1新聞來源張貼。      10.無記者署名之新聞，但可張貼不署名之外電報導。     ‧ 可洽八卦檢舉板建議新增其他新聞網站。     ‧ 派令、社論、讀者投書、特稿、雜誌撰稿、公民新聞等文章內容涉及政治議題或政      治人物者文章，刪除並水桶三個月。  註：涉及政策（兩岸政策、民生政策等）、民生議題（物價議題、交通議題、候選  人政見等）等，刪文處理。     ‧ 張貼媒體來源或發稿單位為港澳或中國者，水桶兩個禮拜。      （全文如下之刊登方式視同發稿單位）      ‧ 即日起，禁止以彙整「四大報(多報)」方式發佈一文多PO新聞。      1.發表報社或網路媒體彙整之新聞者，給予刪除。      2.發表為使用者自行彙整之兩篇以上三日內新聞於同一篇時，視同新聞超貼。       註：提供縮網址網站 http://tinyurl.com/ , https://goo.gl/  。        第四條：〔政治八卦規範〕    ￣￣￣￣￣￣￣￣￣￣￣￣   ‧ 發文（含回文）內容討論包含下述類別，且文章有八卦性質，即為政治八卦。     ‧ 人物類：中華民國政府遷台後之特定政治人物（歷任、現任之正副總統、政務官、      黨職人員、民意代表、競選中之候選人、發言人、常見於相關媒體發言之幕僚）及      上述人員之伴侶。     ‧ 議題類：中華民國政府遷台後之政府職務、中華民國政府遷台後之政黨政治。     ‧ 無八卦之泛政治文章，板主得刪除之。     ‧ 如有政治相關八卦請直接爆卦，不允許任何形式之政治問卦，政問無論是否自刪，      或發文後修改內文，一律刪文並水桶三個月。   ‧ 當政治人物有多重身分時（例如：藝人），非政治身分的相關問卦以泛政治刪除。       第五條：〔利益性質〕   ￣￣￣￣￣￣￣￣￣￣   ‧ 文章內容意欲謀求個人利益、誘使人投票連署或是意欲求檔者，一律退文、水桶      一個月。        註：禁止張貼中央社訊息服務，ipobar，滾動新聞，奇摩!訊息快遞!…等廣宣類          相關網站之連結、新聞、討論文章，違者一律退文、水桶一個月。     ‧ 於簽名檔放置商業廣告、連結（拍賣...等）尋求個人利益之情形，該文刪除，      並水桶一個月，多篇違規文章按篇數累計水桶。     ‧ 違反上述板規自刪者，水桶三個月。     ‧ 禁止張貼王浩宇相關之社群訊息(如:王浩宇臉書)，違者一律退文、水桶一個月      ，自刪者水桶三個月。王浩宇相關新聞可以張貼。      回覆上述文章(如:回王浩宇臉書、新聞)，一律刪除處分，自刪者不受懲罰。        第六條：〔內容不當〕    ￣￣￣￣￣￣￣￣￣￣   ‧ 文章有下列情事者文章刪除：       1.文章簽名檔過長（超過六行）妨害使用者閱讀者。     2.外電未有全文或大致翻譯。     3.簡體中文轉正體中文之文章。     4.文章包含簡體連結。     5.內容含過多色碼、亂碼（圖形文）導致難以閱讀者。     6.廣告文、業配文或其他商業類內容，無明顯謀求個人利益者，該文刪除。     ‧ 文章有下列情事者文章水桶三個月:       1.內容含有色情內容、暴力內容、十八禁連結者。     2.內容含過多簡體中文。     3.文章內容未滿30個字(正體中文)          註1：奧運(國家隊誰贏誰得牌)、國際比賽、天災(地震、颱風天哪放假)等。        如發文未滿30個繁體中文字，板主群得視為時事文刪除不予處分，  　　　惟藉標題蓄意搗亂者仍以鬧板處分。    　　　註2：時事文範圍太廣，「註1」如未規範將由版主群主觀判定。        第七條：〔挑釁、謾罵〕    ￣￣￣￣￣￣￣￣￣￣￣   ‧ 文章內容含有對特定人物、使用者、特定族群進行言詞侮辱、挑釁、威脅、謾罵、      歧視、引戰之文章，一律退文且加給水桶六個月，自刪文章者水桶一年。     ‧ 前項所說明之特定人物不包含公眾人物、政治人物等，對於政治族群(含其代稱)及      非具有本國國籍者等族群之謾罵推文不予受理；唯仍需注意刑法相關刑責，勿以身      試法。        第八條：〔法律之規範〕    ￣￣￣￣￣￣￣￣￣￣￣   ‧ 文章有以下情事者該文退回併水桶一個月：        1.違反中華民國法律、批踢踢站規。      2.凡未經原發文者同意轉入、未經同意公布個人資料、私人信件及水球紀錄者。  註：此條例包含任何轉網址、原始網址之提供，或任何關鍵字影射，使一般使用  者可簡單查詢到個人資料、私人信件、水球紀錄等，皆違反此條例。        3.利用修改文章，故意竄改、刪除他人推噓文經查證屬實。        (惟他方公佈私人資料、張貼十八禁網址、恐怖連結含病毒網址不在此限）        4.意圖以影射、諧音字或近似字公開非公開使用者一部或全部之個人資料，如：自        然人之姓名、出生年月日、國民身分證統一編號、護照號碼、住址與電話號碼等        行為遊走於板規八公佈個人資料規定之處者，經當事人檢舉者。        5.違反此條板規自刪或未經原發文者同意轉出者，追加水桶六個月。        第九條：〔鬧板〕    ￣￣￣￣￣￣￣￣   ‧ 有鬧板茲事者，鬧板文章退回並追加水桶六個月，滋事之判定由板主判定。      若對個別版主判決鬧版有疑慮，請至GossipPicket版提出爭議案件申訴之申請。     ‧ 除板主之判定外，以下行為為鬧板行為：      1.經認定有預謀性之集體違規行動。          註：大量相同關鍵字問卦發生時，於板主發出公告提醒後，若依然有使用者使用            相同關鍵字、或類似的「形」、「音」等關鍵字持續問卦，則判定為鬧板。  　　2.任意使用公告、回應公告。      3.手動置底文章。      4.任意使用記名公投及活動聯署選項。      5.未經八卦檢舉板（GossipPicket）板申請通過之道歉文。     ‧ 以上提到之 2、3、4、5 點，板主可依情節考量判定為鬧板或為單純手機操作失誤，        可與底下板規十一〔自檢條款與手機操作不當〕擇一處罰。   ‧ 手動置底：      1.若使用者於發文後於十分鐘內自刪，並重發文者，則判定該名使用者自願使用當  日之發文額度，即，若該名使用者發文為[問卦]，則視同自願使用一篇[問卦]之        額度，若為其他分類之標題，亦同。      2.第一點之「十分鐘」定義為每篇文章發出系統時間為判定標準。      3.重貼超過總則中規範之發文額度時，則依據總則給予處罰。      4.扣除以上重貼使用額度狀況，即除了十分鐘內自刪重貼以外，若兩個月內同一使        用者發兩篇文章內容完全相同者或大致相同者，即為手動置底，包含：          a.標題內容完全相同或大致相同者。        b.標題不同，內容大致相同者。        c.連續轉錄同樣文章兩次。        d.詢問相同人且相同事物八卦者。     提醒：修改文章請盡量請利用E鍵，修改標題請用T鍵，參選文與公告不算入手動置            底。     ‧ 違反以上板規，卻自行刪除文章以避責，視同鬧板，水桶一年處分。        第十條：〔道歉文與置底閒聊佈告區規範〕    ￣￣￣￣￣￣￣￣￣￣￣￣￣￣￣￣￣￣￣   ‧ 本條規定為在八卦板引發之法律訴訟相關事件，致使用者需於本板張貼文章道歉       時適用，請至八卦檢舉板（GossipPicket）板，詳閱相關規定後申請。       未經檢舉板申請通過便發道歉文者，屬鬧板行為。     ‧ 本板置底閒聊文提供宣傳相關符合公益之事由，如親友失蹤協尋、尋找車禍目擊  證人及其他事由，板主可視情況協助板上秩序臨時挪為協助板務用。例如：頒獎典       禮LIVE文...等。        第十一條：〔自檢條款與手機操作不當〕    ￣￣￣￣￣￣￣￣￣￣￣￣￣￣￣￣￣￣   ‧ 若使用者非故意違反板規（回信件操作失誤、手機操作失誤、誤刪他人推文）等非故      意違反鬧板規定，板主可依情節考量，依據板規十八處以警告並水桶一週，警告二次      者，則處以水桶一個月處分、第三次處以水桶兩個月、第四次以上一律水桶三個月。     （追溯期為一年）       ‧ 同上情形，使用者亦可自行前往八卦檢舉板，詳閱相關規定後主動申請自檢條款。        第十二條：〔簽名檔〕  　￣￣￣￣￣￣￣￣￣￣   ‧ --以下之文字或網址既屬於簽名檔。     ‧ 簽名檔即日起視為本文一部份，但並不算入最低30字數計算範圍內，若扣掉簽名檔   　 文章內容後仍低於30字依照板規九辦理。     ‧ 簽名檔若含有惡意攻擊、謾罵、引戰意味，依照板規七處理（非具有中華民國本國      籍者，按板規第七條不予受理）        第十三條：〔祭品文規範〕    ￣￣￣￣￣￣￣￣￣￣￣￣   ‧ 若使用者想對近期之熱門事件提供相關獎勵（祭品），      請先至八卦檢舉板（GossipPicket）提出申請，經過兩位板主同意即可發表。     ‧ 祭品兌現請提出相關照片證明，照片必須要有相關人物及祭品，並且請至少五名有      參與到祭品文的使用者至八卦檢舉板（GossipPicket）的申請文推文作出證明，祭      品條件達成後兩周內沒兌現者將視為鬧板，一律水桶六個月。     ‧ 未提出申請即發表之祭品文將刪除並且水桶兩周。  ‧ 祭品文可由提出後24小時之內於八卦檢舉板補行申請，並轉寄給板主群進行審核。     ‧ 補行申請之祭品文，經板主群審核未通過者，該文刪除。        第十四條：〔惡意噓文、推文〕    ￣￣￣￣￣￣￣￣￣￣￣￣￣￣    一、單篇多次或多篇與文章無關之推/噓文/→、推圖或符號或過多簡體字、妨礙閱讀   之使用者（如：推/噓文出現大量的空格、=====、----、☆☆☆等符號組合。）        第一次給予警告水桶一週處分，警告二次者，則處以水桶一個月處分、第三次處  以水桶兩個月、第四次以上一律水桶三個月。（警告追溯期為一年）      二、推文為圖片連結者，應與文章主題明確關聯。若與文章主題無關之圖片需附上圖片        說明，多次未附圖片說明或說明內容明顯不符者，水桶一週。      三、於推/噓文中，明顯違反第一章第五條、第六條、第七條、第八條任一規定者給予        水桶一個月處分。      四、違反上述第二點、第三點且情節輕微者，得依據板規十八條，給予警告水桶一週        處分，第二次以上一律給予水桶一個月處分。      補充:違反本條第三者，依篇數為單位，意思就是         你在A篇謾罵某使用者又在B篇謾罵其他人會被水桶兩個月。      =============================================================================    第三章：板務及申訴相關      第十五條：〔板務工作相關〕    ￣￣￣￣￣￣￣￣￣￣￣￣￣   ‧ 原文被板主標記S表示此系列文章已受板主關注，除非有重大八卦，否則只能用推文      回應；標記!者勿以任何方式回應（同標題亦同），違者該文退回併水桶一個月。     ‧ 本板規得時視情況修訂之，於每個月1號、11號、21號為新板規公佈日。期間板眾      可至GossipPicket板提板規建議案，討論板務不得使用匿名，非經重大事件將不會      在非公佈日修改板規。     ‧ Gossiping板規修改前，草案將先於GossipPicket公開讓使用者實名討論7天，  並於Gossiping公告有草案正在討論，板主群得視討論情形自行決定重擬或發佈。      =============================================================================    第四章：訴訟相關      第十六條：〔累犯、多重帳號〕    ￣￣￣￣￣￣￣￣￣￣￣￣￣   ‧ 二次以上違反同一板規之遭水桶使用者，視為累犯，累犯加給水桶一個月      （累犯追溯期為出水桶以後起一年）        註：累犯標準為，某板友因違反Ａ板規被水桶，於水桶解除後，又再次違反Ａ板規          ，則為累犯。若Ａ板友於同一時間發表多篇文章或推文，皆同時違反Ａ板規，          因尚未被板主水桶，則不屬於累犯。     ‧ 因板主沒有分身查詢認定權，報請小組長送ID_Multi帳號部確認分身      確認後同人，本尊及分身自查詢結果回報後給予額外水桶，規則如下：        1.若Ａ帳號於水桶中，使用分身Ｂ發文，經查證後：        Ａ帳號加罰水桶一個月  Ｂ帳號發文全數退回、並於組務查詢結果回報日開始算起，水桶十年        2.若Ａ帳號水桶中，使用分身Ｂ發文，經查證後屬實，爾後加罰Ａ帳號一個月、Ｂ        帳號所發之文全數退回、且Ｂ帳號水桶十年，而又使用Ｃ帳號持續發文        即「第二次累犯分身條例」，則  　　　Ａ帳號於組務查詢結果回報日開始算起，重新水桶十年  　　　Ｃ帳號所發之文全數退回、且Ｃ帳號於組務查詢結果回報日開始算起，重新水桶  十年。          同第2點，若查證出此人同時擁有Ａ、Ｂ、Ｃ、Ｄ、Ｅ或更多帳號身分，則第二次        累犯時，視同惡意藐視板規，所有帳號皆一併永久水桶，即，第二次累犯時，查        證屬實後        Ａ帳號於組務查詢結果回報日開始算起，重新水桶十年        Ｂ帳號於組務查詢結果回報日開始算起，重新水桶十年        Ｃ帳號於組務查詢結果回報日開始算起，重新水桶十年        Ｄ帳號於組務查詢結果回報日開始算起，重新水桶十年        Ｅ帳號於組務查詢結果回報日開始算起，重新水桶十年，依此類推。        3.特殊狀況一，若Ａ帳號被水桶中，使用Ｂ、Ｃ或多個帳號發文，查證後，則視為        第一次觸碰分身條例，則        Ａ帳號加罰水桶一個月        Ｂ帳號發文全數退回、並於組務查詢結果回報日開始算起，水桶十年        Ｃ帳號發文全數退回、並於組務查詢結果回報日開始算起，水桶十年      4.特殊狀況二，若Ａ帳號被水桶，未被查證期間使用Ｂ帳號發文又被水桶        此時又用Ｃ帳號發文，則視同二次累犯身分條例，則適用上述提到第2點，給予全        部帳號皆水桶十年。     ‧ 以上分身條例，是當使用者被水桶時，本應遵守板規，而非惡意開分身持續發文，      初次觸碰分身條例時，原本帳號給予水桶一個月額外處罰，對於身分惡意發文則不      寬待。且第二次觸碰分身條例時，認為並非不小心，而是惡意無視板規，對於此種      行為則將所有帳號給予水桶十年。      　第十七條：〔檢舉相關〕    ￣￣￣￣￣￣￣￣￣￣￣   ‧ 板主應參與板務討論與板務處理，如有多次無故怠惰與不願配合之情事板主群將其      認認定為瀆職至組務罷免並附上相關之事由。     ‧ 由於本板文章/推文數量大以及爭議性檢舉文判決機制，欲檢舉請至八卦檢舉板      GossipPicket檢舉。     ‧ 對特定使用者進行人身攻擊、侵權行為及板規七之檢舉，被侵犯當事人需於八卦檢舉      板Gossippicket實名提出檢舉，以匿名方式或未提出檢舉者板主群不予受理。        第十八條：〔警告、水桶〕    ￣￣￣￣￣￣￣￣￣￣￣￣  ‧ 板主對於使用者犯行輕微、或違規處於模糊地帶或多次挑戰板規界限者。處以警告並  　 水桶一週，警告二次者，則處以水桶一個月處分、第三次處以水桶兩個月、第四次以  上一律水桶三個月。（警告追溯期為一年）       註：水桶到期之使用者，系統會自動解除，如遇特殊情形，請來信向板主詢問。        第十九條：〔補充〕    ￣￣￣￣￣￣￣￣￣      板規有規範不到之模糊地帶，板主將臨時應變處理。  　　對於特殊事件之處理，有另訂公告規範之必要者，板主得另行公告。      =============================================================================    第五章：板主自律規範      第二十條：〔板主自律〕    ￣￣￣￣￣￣￣￣￣￣￣   ‧ 本板板主遴選方式應經民主程序由本板板友票選或組務站務建議方式產生不得私相      授受。其遴選規定和選舉過程必須公平、公開和公正。     ‧ 依據#1C3jR2tP (L_TalkandCha)『日後，若仍有板主違規行為之檢舉，均需由其他板      主予以判定，判定未違反板規，才得以結案。』。(故任何與板主本身相關之檢舉、      爭議應迴避不得私自處理。)     ‧ 經合法程序罷免提案之板主應避免處理與罷免提案相關的後續爭議性文章，改由其      他板主代為處理。     ‧ 板務之處理引起極大爭議，應先洽詢板主群進行爭議性板務處理之討論，不可私自      獨斷處理造成更大的困擾。爭議性板務處理應由板主群共同討論處理方式採多數意      見為主，其後續責任由板主群共同承擔。       第二十一條：〔板主任期制〕  　￣￣￣￣￣￣￣￣￣￣￣￣   ‧ 非中華民國國民不得參選及擔任ＰＴＴ八卦板主。     ‧ 本板板主任期以八個月一任，一次選出兩位新版主，每年3月、7月、11月新任板主      上任，上述月份前一個月1日後開始徵求遴選新任板主。     ‧ 原板主得連選連任，但參選政見中得列出任期中政績，以供使用者投票參考。     ‧ 本板板主為任期制，如板主經罷免卸任、因故請辭或遭解職，遞補板主以任完      板主任期為限，任期屆滿仍可重新參選。     ‧ 如該任板主任期剩餘未滿一個月，則不另外補選，由剩餘板主任事，待任期期滿再      行選出下一屆板主。      第六章:精華區小板主相關      第二十二條：〔精華區小板主相關規範〕    ￣￣￣￣￣￣￣￣￣￣￣￣￣￣￣￣￣￣     ‧ 精華區小板主每個月都必須整理自己所負責的精華區區塊,一個月未新增或整理精      華區者將不給予該月之P幣獎金；連續兩個月未新增或整理精華者將拔除小板主資      格。     ‧ 精華區小板主不得惡意刪除精華區區塊或將精華區當作個板使用,亦不得將精華區      當作洗P幣之工具,違者將拔除小板主資格並且水桶一年處分。      ‧ 八卦板板主會於每個月月底申請P幣獎勵,請精華區小板主於每個月的最後一周將當       月整理之精華區項目站內信至每位板主當作證明,未證明者視作無整理。      備註1 ： 可張貼之新聞網站    蕃薯藤新聞     鉅亨網  聯合新聞網     台灣蘋果日報 中時電子報 東森新聞雲 中央通訊社     軍聞社  自由時報電子報 今日新聞     新頭殼     台灣立報   中央日報       三立  台灣醒報       台灣新生報   台灣時報   中華日報   紐約時報中文網 年代新聞  TVBS           華視新聞網   民視新聞   公視新聞網 原視新聞網     客家新聞網  中國廣播公司   中央廣播電台 BBC中文網  世界新聞網 泰國世界日報   中視全球資訊網  人間福報       東亞日報     麗台       台視新聞   自立晚報       新唐人  大紀元         國語日報     風傳媒     ithome     外媒(大概翻譯) ETTV 東森新聞  壹電視 NextTV  民報         北美智權報 環境報導   上下游新聞     環境資訊中心  苦勞網         peopo        公民行動影音資料庫    pnn            ATC Taiwan  上報           農傳媒       地球圖輯隊  　    --  |2|1|1|0
14|Tue Nov  6 01:54:00 2018|https://www.ptt.cc/bbs/Gossiping/M.1541440443.A.732.html|jacklyl (超越大師)|[協尋] 多篇(台北文山,公館,北車/高雄永安,自由)|27.247.222.19|  如果有需要幫忙添加其他協尋資訊，可以站內信給我 我會再做更新  (因為信件比較多不會回信 不好意思，建議也要po在地方板，在地關注度更高)    因近日有多篇協尋文，置底放不下，故統整簡述如下，懇請各位幫忙，也歡迎轉發：  (協尋文塞車時，會更新稍微慢一點，盡量讓大家都有置頂一天機會，不好意思)    ==以下為近日新增之2篇(文章標題以統合此2篇內容為標題)==    [徵求]3/17 10:30～10:40 大度路一段往淡水 行車紀錄器    時間：3/17 10:30~10:40  地點：承德路結束接上大度路　剛過第一個路口往市區方向(上洲美快速道路之前)  徵求：有拍到前車掉落輪胎，或其他拍到輪胎滾落的經過    被對向車道滾來的輪胎迎面撞上  站內信：goodgerm    [徵求] 3/13晚上 高雄三多凱旋路口 證人或行車記錄器畫面    日期：108年3月13日 時間：晚上8：43  地點：高雄市　三多與凱旋路口 死亡車禍    一位年輕男子騎乘機車直行卻遭一輛違規自小客車搶快左轉彎，以致機車騎士剎車不及撞  上而彈飛，造成兩條大動脈斷裂失血過多，在送醫過程已無生命跡象。  目前肇事車主將肇事責任推托於無辜死者。    死者只有19歲，從未違規，一次也沒有！我們希望能還原事故現場，還給死者一個公道。    聯絡人：0989600881 莊小姐          ==以下為照發生日期排列==    [徵求] 3/16 三重台北橋前車禍行車記錄器畫面    時間 : 3/16晚間9:30左右  地點 : 台北橋前路口，重新路一段  徵求 : 請行經該路口的民眾能提供行車紀錄器的畫面或目擊者  事故經過 : 直行機車與右轉車輛擦撞，想協尋行車記錄器畫面釐清。    聯絡方式：站內信 irenemisea 黃小姐 0981897296（24小時皆可接聽）      [徵求] 3/15下午4點新店區祥和路往三峽方向行車紀錄器和目擊者    時間 : 3/15下午4點左右  地點 : 新店區祥和路往三峽方向接近安康高中前  徵求 : 有無民眾有拍到行車紀錄器的畫面或目擊者  事故經過 : 兩台機車相撞，想協尋行車記錄器畫面釐清    聯絡方式：站內信 pooh751720 謝小姐        [徵求] 3/5中午12點左右 台北市內湖路一段與堤頂大道二段路口行車紀錄器和目擊者    時間 : 3/5 中午12點左右  地點 : 台北市內湖路一段與堤頂大道二段路口  徵求 : 有無民眾有拍到行車紀錄器的畫面或目擊者  事故經過 : 在第三車道，直行往內湖路一段，汽車從第二車道變換車道要往堤頂大道二  段，擦撞摩托車倒地至第四車道，汽車沒發現擦撞到，肇事逃逸，有報警調監視器，因車  禍地點沒有拍到情況，前後監視器也無法確定哪台車輛，希望經過此路段的人，提供畫面  找出肇事逃逸的車主，謝謝。    聯絡方式 : 蔡先生 0912079184 站內信，24小時皆可連絡  https://i.imgur.com/9lcKXlJ.jpg    [協尋]台中 黎明路 凱旋路交叉路口 行車紀錄器     [協尋/車禍] 光陽 ktr150 黑藍 968-LMN 台中/西屯  《廠牌型號》 Kymco ktr 150 黑藍  《車牌號碼》968-LMN  《地點時間》2019/3/4 早上約7:45左右 黎明路和凱旋路路口  《事發過程》   剛剛在上班途中發生一場車禍，本人從黎明路左轉至凱旋路後，後方傳來煞車及摔車的  聲音，停車查看後擔心是自己的原因害到別人煞車不及而導致。  因我已經直行一段路了，才聽到煞車聲，不知道是否真的是我害的。    在此想徵求看有沒有路過的好心人士有行車紀錄器來釐清事實    《聯絡方式及稱謂》站內信 bill081819 廖先生      [協尋] 2019/02/28 八里龍米路一段車禍行車記錄    時間：2/28 早上7:30分左右  地點：八里龍米路一段上的自行車車禍  徵求：有無民眾有拍到行車紀錄的畫面　  因為北高的活動所以自行車特別多　我在下關渡大橋沒多久之後　  被同樣為參加活動的選手撞　他的後輪碰撞到我的前輪　對方說是他的東西掉了要撿　  才會急右切　我被大會的救護車送往醫院　沒有人報警　目前我左肩脫臼，  左大腿大面積瘀青腫脹左手肘及右膝擦傷　希望有拍到行車紀錄器畫面的朋友能提供給我  站內信：yuan0528    [徵求]2/26傍晚7點左右 台北市北投區西安街與東陽街口車禍行車紀錄器    時間：2/26 傍晚6:50-7:10左右  地點：台北市北投區西安街一段281巷和東陽街交叉口  經過： 代同事宋先生徵求行車記錄器畫面或是車禍現場目擊者。  發生在2/26北投區拖吊車車禍意外，新聞內的老婦人是宋先生的媽媽。  老婦人已經往生，但事發時宋先生人不在台灣，未及見到母親最後一面。現只希望網友們  能幫忙轉發此文，以期釐清事實真相，拜託拜託。    聯絡人：宋先生 0933222332  [email protected]    新聞連結：  北市交大委外拖吊車輾斃老婦人　駕駛稱沒看到人過斑馬線  https://bit.ly/2T9yjcz  [徵求] 02/24 下午5:20淡水淡金路 車禍行車紀錄器    地點：淡水區淡金路翡翠綠水果行停車場路口 http://i.imgur.com/tJrOWhV.jpg  時間：2/24 下午5：20左右  經過：小弟延外側車道直行，左前方黑色轎車沒打方向燈突然右切可能欲進入水果行停車  場，因為天雨路滑下緊急煞車造成摔車，並無碰撞，但前車逃逸，也無人記錄車牌，在此  希望有好心人士能提供行車紀錄！    聯絡人：謝先生 0979014889      [徵求] 2/21中午11點左右 台北市福國路與福華路口行車紀錄器 (芝山捷運站附近)    時間：2019/2/21中午10:45~11:00之間  地點：台北市福國路與福華路口  事故：摩托車事故  事故現場我騎一台藍色勁戰沿福國路由東往西行駛  對向一部轎車沿福國路由西往東，在福華路交叉口處直接左轉  我為了閃避對方急煞導致摔車，希望有路過的朋友有行車紀錄器影像幫忙協助釐清肇事責  任，感謝!  聯絡方式：葉先生0973810867      [協尋] 2/17協尋新北高3女生 失蹤    姓名：黃佳涵 性別：女性 外觀特徵：膚色黑，瘦  就讀莊敬高職，現在高三  其他資訊： 上次臉書打卡是2/17在三重的不倒翁小火鍋  據友人表示，這次是第三次離家出走，最後一次的聯繫是說要去樹林找男朋友，然後就沒  有音訊了。 有在玩一個遊戲叫奇蹟暖暖，好像還玩得很狂熱，有舉辦很多同好的聚會  照片如下 http://i.imgur.com/UbLlyWy.jpg http://i.imgur.com/wEaEBRt.jpg    若有任何資訊麻煩站內信給我 bigtsang      [徵求] 2/16下午15點35分車禍疑似肇逃    時間：2/16下午3點35分左右  事件：附圖 貨車由第二線道硬要內切　擦撞 轎車右前方 逃逸　後來轎車 往前攔車　  對方指稱 沒感覺 車載重物　且他貨車車輛未見刮痕  非其所為  https://i.imgur.com/tEer5Pi.jpg  貨車逃逸 副座拍照  https://i.imgur.com/xshGtHV.jpg  https://i.imgur.com/tEer5Pi.jpg  請聯絡　楊先生 0978056660      [徵求] 2/14台南晚上8:00左右 北門路和北忠街路段車禍    時間：2/14 晚上8點左右  地點：台南 北門路和北忠街路段  事件：嚴重車禍 希望當時經過的人可以提供行車記錄器！    聯絡方式：站內信wesley1011    [徵求] 2/13下午 高雄本館路車禍行車紀錄器影像    時間：2/13 下午1500-1600  地點：高雄本館路92-1號附近  事故：交通事故  家人當天騎中華電信黃色的機車，穿條紋上衣  目前人在加護病房，因爲此路段監視器故障，  想麻煩大家，可否提供行車記錄器讓我們確認事發經過    站內信聯絡Kirbystar  https://www.ptt.cc/bbs/Gossiping/M.1550071993.A.7E5.html  [協尋] 02/11台中朝馬虹揚橋　騎士嚴重車禍    協助方式：行車紀錄(須提供檔案)  車禍方式：未知　車禍地點：朝馬路虹陽橋往秋紅谷方向  時間：2019年2月11日早上約8:30    早上8:40騎經該路段時，騎士已經倒在車道偏中間位置，報警後警察有在問行車記錄器，  不知道是自摔還是有被撞，如果有行車記錄器拍到，會再提供影像給警方。謝謝！    http://i.imgur.com/Ae4fK7W.jpg  http://i.imgur.com/9ThQKEo.jpg  http://i.imgur.com/VqWjJ4f.jpg    聯絡方式：施小姐 0915027768 [email protected]  文章代碼(AID): #1SOE4oZs (TaichungBun)  [徵求] 2/9下午五點台北信義建國路行車記錄器    事故時間：2/9 17:00-17:15  事故地點：台北信義路及建國路口  事故描述：朋友騎機車在事故地點被一台銀色汽車撞到  我朋友自己報警叫救護車，目前大腿斷了三節，可能需要半年休養，  目前在談後續理賠跟和解事宜，但因路口監視器只有片段，無法證明汽車是否有肇逃    站內信聯絡：Openawindow    [協尋] 02/06桃園觀音區台61線車禍肇事逃逸    時間 : 2/6 晚上6:20-6:30之間  地點 : 桃園市觀音區台61線47.6（西濱快速道路）  原因 : 當時我和家人開在西濱快速道路內車道上，後方車輛超車不慎，撞上內側的我們  ， 我的車子破胎失控，撞上護欄，對方肇事逃逸。 好險當時的車流量不大，所以我們沒  有被後方車輛追撞。已報案，但當時天色昏暗，事發突然，沒辦法留意肇事車輛的顏色或  型號。    因為該路段沒有監視器，我們的行車記錄器有問題，沒錄到現場畫面。當時包括我們在內  ，只有三台車，所以想找到當時的另一台目擊車輛，希望能向他借到行車記錄看看現場狀  況。謝謝大家的幫忙！    如有任何資訊，請站內信：tio1009    [協尋]2/5下午4:16 台灣大道 -國際街和台灣大道5段十字路口  慢車道直行時被快車道直接右轉撞上人撞飛到天橋腰椎第3節受傷。  請幫忙協尋行車紀錄畫面    聯絡方式 蘇小姐0981980906    [協尋]2/04高雄沿海三路往南方向，接近中利路口的機車道 疑似肇逃    時間: 02/04/2019（除夕）上午7:45-8:15  地點: 高雄沿海三路往南方向，接近中利路口的機車道（中林路到中利路）  內容: 家人發生車禍，目前重傷住院中，因為此路段沒有監視器，我們跑了很多次警局跟  派出所，最後才將時間範圍縮小到這半小時，如果有在2/4當天上午7:45-8:15經過此路段  （中林路到中利路）的車友，可否提供行車記錄器讓我們確認事發經過，非常感謝大家    疑似擦撞的痕跡，所以需要釐清事情經過，再次感謝大家幫忙!  聯絡LINE ID: yuanyuan00099    [徵求]2/01 早上7：30 台17線往將軍區康納香口寮廠路口的行車紀錄器（重大車禍）    日期：2019/2/1 上午7：30左右  地點：台17線往將軍區康納香口寮廠路口  事件：2/1早上當事人去上班途中發生的，被飛馳的汽車撞飛跌落路邊深溝，救上來時幾  乎已生命垂危，當天早上當事人已歸西，想徵求版上有無人騎車或開車經過，有看到或是  行車記錄器有拍到或是附近住家的有看到，想還原了解當時車禍情況，感謝大家幫忙功德  無量。 聯絡方式：站內信jeremy95426    http://i.imgur.com/3vKBhwB.jpg  http://i.imgur.com/smgSuw9.jpg  http://i.imgur.com/otolutS.jpg    [徵求] 02/01 晚上7點多 台中市西屯區青海路惠中路路口行車記錄器    日期：2019/02/01 約晚上7點多，機車與汽車相撞  地點：台中市西屯區 青海路 惠中路十字路口，想協尋惠中路開往西屯路方向的紀錄影片  目前機車騎士人還昏迷在加護病房，無法得知當時的情況，與他相撞開車的是休假的員警  ，我們很急需這份影片，想還原事發經過，再麻煩大家提供    聯絡方式 蘇小姐 0919556771    [徵求]：1/30 晚上7:05-7:15之間新竹市西大路大樹藥局前汽車擦撞    時間 : 1/30 晚上7:05-7:15之間  地點 : 新竹市西大路大樹藥局前(從園區方向往北大路方向)  原因 : 汽車從外車道往左切到內車道，疑似要跨越雙黃線迴轉，先生騎車閃避不及，與  汽車擦撞(機車擦撞到汽車前門)，因對方堅稱先生跨越雙黃線騎車，所以想找行車記錄器  看看現場狀況。謝謝　事故照片如附件。  https://i.imgur.com/jFEs0kv.jpg　https://i.imgur.com/bu9WyV3.jpg    聯絡方式：站內信fisheggbow      [徵求] 01/30 10:15-11:00 內湖樂群一路過基湖路T字路口行車紀錄器    日期：2019/1/30  時間：上午10：15 - 11：00  地點：樂群一路過基湖路T字路口  事件：朋友車禍，目前尚在昏迷中，該路段無監視器，想問版上有無人騎車或開車經過  有看到或是行車記錄器有拍到　聯絡方式：站內信ray968      [徵求]1/29 AM8:35左右 南科新港社大橋旁道路(南往北)行車紀錄器    時間：108年01月29日08時35分  地點：台南市新市區南科南路新港社大橋旁平面道路上(南往北)  事件：上午08時35分左右一輛機車與停在路旁的水車發生交通事故，但現場沒有監視器，  熱心朋友們如果有經過此路段的話，請幫幫忙看一下行車紀錄器有沒有拍到肇事的過程，  或者有拍到機車(181-HGQ、黑色)行駛過程的話都可以提供    若方便可直接寄至信箱：[email protected]  [徵求] 2019/1/28 凌晨00:45 國道1號284.7公里車禍 行車紀錄    時間 : 108年1月28日00時45分  地點 : 國道1號284.7公里北向  事件 : (代PO) 銀色Toyota (AZJ-8193) 其駕駛車禍受重傷仍在加護病房，  車主老婆想協尋當時有路過車輛之行車紀錄，來釐清當時所發生的情況。    如有資訊懇請幫忙聯絡 : 林小姐0972730007      [徵求] 01/27 早上5:30-6:30 台中市文心南路729號附近車禍的行車紀錄器    日期：2019/1/27 上午5:30-6:30  地點：台中市文心南路729號  事件：我外公車禍，目前還在加護病房，該路段的監視器調出來很模糊，無法判斷，對方  堅稱沒有逆向，但前幾天外公狀況好一點時問他，他意識清楚，還記得車禍的發生情況，  說對方逆向，車禍發生後，對方把車頭還有我外公的摩托車頭移向才報警，想問版上有無  人騎車或開車經過，有看到或是行車記錄器有拍到或是附近住家的有看到，想了解情況。  聯絡方式：站內信smpss93341      [徵求] 01/25 下午2-3點 國道3號南下169.9(大甲清水段)行車紀錄器    時間：01/25 下午2至3點  地點：國道3號南下169.9 (大甲清水段，中港系統前)  事故：小客車追撞死亡車禍  如有資訊懇請幫忙聯絡：何先生 0910157723，謝謝您。      [徵求] 01/24 00-01點新北新莊堤外便道車禍 行車紀錄器    時間：01/24 00-01點凌晨  地點：新莊堤外便道13k+400（19往21越堤道清潔隊旁）  事故：姪子車禍仍在加護病房　  懇請幫忙站內信聯絡：shan311    [徵求] 1/23 晚上7點半左右 高雄市燕巢區鳳旗路229~223號(元之氣早餐附近)    時間：2019/01/23    19：30左右  地點：高雄市燕巢區鳳旗路229~223號往旗山方向  事故：摩托車與腳踏車事故 代PO  聯絡方式：站內信nasahot    [徵求] 01/23下午3-4點行經台南安明路/海尾路路段紀錄    日期：2019.01.23下午約三點至四點間  地點：台南市安南區安明路與海尾路路段  穿著：水藍色長袖運動上衣、灰色七分運動褲、黑色布鞋  事件：爸爸於當天下午出門慢跑在此路段跌倒撞擊到腦部，後來送醫即陷入昏迷，  家人不知道前後發生情形 想請大家幫忙發文並詢問是否有人看到或是當天的報案人！  聯絡電話：0955139826陳育瑜 0921281965陳慶鐘    [徵求] 1/22上午6:00-6:30 台北市至善路機車車禍    時間：1/22早上0600-0630  地點：台北市至善路二段與力行街口  事件：汽機車車禍，目前堂弟開腦手術在加護病房  有大大剛好錄到可提供行車紀錄嗎？感恩    [徵求] 1/20下午3點嘉義基督教醫院附近車禍行車記錄器畫面    時間：2019/01/20    15：00左右  地點：忠孝路與保健街交叉路口 往嘉義市區方向慢車道  事故：兩輛機車相撞，路口監視器拍攝角度沒有照到當時號誌情形，想尋找有拍到當時交  通號誌情況的影像及更清楚的事故紀錄  聯絡方式：站內信hotarusylvia或Email: [email protected]  [徵求]1/20 台中中興大學附近車禍的行車記錄器     時間：1/20約上午11點半在國光路與拉亞漢堡路口（國光路365巷）  事故：發生車禍疑似被撞，機車燒毀，當事人事故記憶消失，協尋行車紀錄器  https://i.imgur.com/UmyO0ea.jpg  聯絡方式：站內信skypig      [徵求]1/15 蘆洲傍晚5點多長榮路跟永康街口 車禍行車紀錄器畫面   #1SGV5NOB (Gossiping)  時間：1/10 17:00左右  地點：新北蘆洲長榮路跟永康街口Uniqlo前  事故：兩輛機車相撞 當事人不幸往生 想找尋更清楚事故紀錄  巷口監視器畫面  https://imgur.com/axaPkm7  電話：0968273210   張先生 Line ID：mr2bc      [徵求]1/10號 上午10:15左右新北市三芝區大片頭107號往台北機車與一台白色車擦撞    時間：1/10 10:15  地點：新北市三芝區大片頭107號往台北  事件：機車與一台白色車子擦撞，徵求那時候有錄到的行車紀錄器畫面  聯絡方式：如果有畫面麻煩請站內給devilbrave  或，[email protected]  [徵求] 0109新竹縣中興路四段往光復路方向行車紀錄器    協尋行車紀錄器  事發當天為2019/01/09 18:20左右  https://imgur.com/a/iDB4Rg2 https://imgur.com/a/Nnj0T5K  請與新竹縣竹東分局聯絡(03-5952586) 或與陳小姐聯繫[email protected]  [徵求] 1/9號下午14:33左右於高雄市富民路與保靖街路口與一台闖紅燈機車擦撞    時間：1/9 14:33  地點：高雄市富民路與保靖街路口  事件：與一台闖紅燈機車擦撞，徵求那時有錄到的行車紀錄器畫面，  聯絡方式：如有線索還請站內給rockest      [協尋]1/9高雄楠梓區右昌附近 90歲奶奶 走失    時間：1/9上午出門後就沒回家了  地點：高雄楠梓區右昌附近　姓名：陳驚  性別：女性　年齡：90歲　外觀：150cm/50公斤 瘦小型  失蹤服裝：廚房紅色背心　精神狀況：輕微失智　口語：國語、台語  說明：失蹤時是騎腳踏車出門　下午3點已向警局報案  聯絡電話：0912310205 姚先生  https://i.imgur.com/ODvrfbW.jpg　https://i.imgur.com/YQRx6ti.jpg  https://i.imgur.com/BBAhX7M.jpg　https://i.imgur.com/SXvKS8H.jpg    [協尋] 台中豐原1/6車禍行車紀錄器    時間:1/6 晚間6:50~7:00左右  地點:台中市豐原區大明路和合作街口  事件:弟被撞 左手腳全部開放性骨折 對方說沒錄到 剛好沒有攝影機 警方無法判定肇責  連絡:0921-374730 或者 0933-554760      [徵求] 1/6新竹頭前溪橋機車道　阿公被17歲無照駕駛機車撞　行車紀錄器    時間：1/6（日）晚間19:30左右  地點：新竹頭前溪橋機車道往竹北方向  事件：阿公車禍　騎腳踏車被17歲無照駕駛機車撞　目前在加護病房昏迷不醒很危險  徵求行車紀錄器　謝謝你們　站內信聯絡privatelife    [徵求]2019/1/6 台中市太平區 中山路二段/大興路口 打人 目擊證人行車紀錄器    時間：1/6 大約17：20前後  徵求：行車紀錄(須提供檔案)/目擊證人  地點：台中市太平區 中山路二段/大興路口  事件：有輛摩托車停著不走 哥哥按對方喇叭提醒 對方下車後拿安全帽重擊哥哥頭部        打倒在地後 不斷用腳踢肋骨往死裡打 但行車紀錄器沒有錄到 請好心人提供影片  　　　警察說路口的監視器沒錄到 加上行車記錄器也沒錄到 等於沒之證據告不成  聯絡方式：站內信oolgg1lo    [徵求] 2019/1/2中午11~12:00(三)台南安定交流道南下出口匝道 行車紀錄器    時間:1/2(三) 中午11~12:00  地點:國一台南安定交流道南下出口匝道  徵求行車紀錄器要釐清事發經過，車子沒問題而車上的行車記錄器被辦事員警格式化  要看有沒有前方車輛導致事故發生  聯絡人：0963049246 / 方先生 or 站內信 gm910278  https://goo.gl/7cc8kv  [徵求]協尋 2019/1/2 新莊 行車記錄器    時間：1/2 大約上午十一點左右  地點：新莊新樹路397號  事件：上班途中騎機車行經新樹路397號，被一台小貨車撞倒，右腳撕裂傷見骨膜，當  下報警處理，但事發地點是死角沒有監視器，請求路過的好心人能夠幫忙提供行車記錄器  聯絡人：0976800096 / 李先生 or 站內信Friederike54  https://m.imgur.com/fLOBCHz  [徵求] 12/31 新竹晚上約7點 父親車禍    時間:2018/12/31 晚上6點50到7點5分之間  地點:新竹市溪埔路268號，往公道五的方向  事件:兩台機車擦撞  聯絡方式:站內信jya        [徵求] 12/29 下午1:38左右 國道3號南下44.1內側(剛過土城交流道)車禍行車記錄影片    時間：12/29 約下午1:35～1:40  事件：國道3號往南44.1處(剛過土城交流道)， 當天遭後方銀色廂型車推撞(我車已煞停)  ，因對方無行車記錄器，有經過此路段的大德們，在請協助提供行車紀錄影片，謝謝  聯絡方式：站內信 killna  https://i.imgur.com/ODmW54W.jpg    [徵求] 12/26 高雄大順路 機車汽車晚上10點車禍    時間：12/26 晚上10點  地點：高雄大順路河堤交叉口  事件：汽車機車車禍  https://i.imgur.com/rIR0N6m_d.jpg  聯絡方式：站內信seafrost      [徵求] 12/26 台中清水 菁埔里中華北路與護岸路口 肇逃    事發時間: 12/26 14:44 被害車牌: 235-BNB  事發地點: 台中市清水區菁埔里中華北路與護岸路口  (中油加油站對面) https://i.imgur.com/H0l7lBe.jpg  疑似大貨車中華北路要右轉往護岸路時撞上肇逃，已傷重往生  聯絡人: 0988775422江小姐 請大家幫忙廣傳！懇請大家幫忙！        [徵求] 12/24,基隆市西定路421號前行車記錄器    時間：107年12月24日（星期一）17時40分，  地點：基隆市中山區 西定路421-13號 前過馬路  事件：過馬路遭機車擦撞，腦出血在加護病房觀察中，徵求行駛經過的行車紀錄器畫面！  聯絡方式：mosdck1989 站內信　謝謝大家 。https://i.imgur.com/M1Gzqpi.jpg  https://i.imgur.com/C5GFUGJ.jpg　https://i.imgur.com/wmPjm1m.jpg    [徵求] 12/17 晚間 基隆路一段忠孝東路四段交叉口行車紀錄器    時間：12/17 21:50~22:00  地點：基隆路一段往南 與 忠孝東路四段交叉口(統一時代百貨斜對面)  事件：事主在直行時與綠燈剛起步就跨越雙白線鑽出的機車發生擦撞 造成摔車  對方肇事逃逸 警方透過監視器追蹤 肇事者疑似沿著基隆路一路狂飆至嘉興街216巷  車牌難以辨認　肇事者著深色外套 背後有一排字 騎深色機車 尾燈細長(可能是四代勁戰  )  聯絡方式：站內信kscking    [徵求] 1216台北復興北路跟八德路口車禍    時間：12/16。早上09:37分左右  地點：台北市復興北路跟八德路口發生車禍事件 兩人病危  當天車禍的車號 MPX-9892　車型為Many110  若有證據者是否可以提供呢！謝謝　聯絡方式：站內信 hwtseng    [徵求] 12/16 下午 國道3號往北 出田寮 貨車載怪手飛出大門片打到休旅車    時間：12/16 約下午4:45-5:00　下午約4點47分前後兩三分鐘  事件：國道3號往北路段，剛出田寮的隧道， 當天一部大貨車司機載有怪手，突然飛出一  個很大的門片，打到休旅車，但是貨車司機已經直直駛走了，有去備案，但影片模糊，  懇求有拍到車牌的行車紀錄器　聯絡方式：站內信 shinlynn224        [徵求] 12/12晚上8:40岡山交流道出口行車記錄器    地點：南下岡山交流道出口《往岡山方向，安招路1010號-阿芬檳榔攤斜前方》  時間：12/12 晚上8:40前後  事件：騎機車被一名下匝道的香檳金toyota自小客車從右方碰撞  跪求當下有經過此處的各位提供行車記錄器畫面　https://i.imgur.com/kymV90d.jpg  聯絡方式：站內信lydia529    *[1;33;41m[徵求] 12/11(二)晚間7:00 柑園國小前車禍目擊者*[m*[m    地點：大餅自助餐門口，樹林區柑園街一段349號，過柑園國小往土城方向。  案發經過：朋友爸爸過馬路時遭自小客車撞上，導致腦部嚴重創傷，昏迷指數7，  木僵狀態，尚在呼吸照護中心觀察。因未在監視器範圍，及該客車行車紀錄器模糊，  懇請有當日行車記錄器或目擊到的人可以與我們聯絡，萬分感謝！  聯絡方式：站內信 吳先生 0910-795-306 [email protected]    希望可以找到有緣人，釐清真相，謝謝！        [協尋] 1209 新北樹林附近阿姨走失  https://imgur.com/a/JrW1LC7  時間：2018/12/9 中午出門後就沒回家, 目前調閱監視器已經12/9晚上走到樹林  穿著：當天穿紅衣服黑褲子, 粉紅塑膠老花眼鏡  地點：樹林附近走失，常出沒的地方龜山後街、山鶯路、信義街、忠孝街附近  聯絡方式：站內信mOAn2　電話:0913-777-310／0955-356-370 李先生      [徵求] 12/9 約凌晨1:20 新竹 牛埔路行車記錄器 疑似酒駕　行車紀錄器    時間：12/9凌晨1:20  地點：新竹牛埔路往牛埔東路的三岔路口  事故：被違規左轉汽車正面撞摩托車，當時是綠燈 疑似有換駕及酒駕徵求行車紀錄器  聯絡方式：如果有附近店家有行車記錄器的好心人再麻煩站內信star001      [徵求] 12/8(六) 晚上11點 台中市台灣大道 機車遭追撞 肇逃    地點：台中市台灣大道二段東興路交叉口（永豐棧酒店對面）  時間：12/8 （六）晚上11點左右  事故：機車因禮讓切入車道的轎車而放慢車速，遭到後方機車追撞，對方肇事逃逸。  聯絡方式：陳先生 0903156080      [徵求] 12/7 下午16:50~17:10 桃園中正路跟中寧街待轉區交叉口 行車紀錄器    地點：桃園市桃園區中正路1226號 (宏林鐵板燒前)  時間：12/7(五) 約下午16:50~17:10  事故：疑似腳踏車闖紅燈與待轉車主擦撞摔車。  聯絡資訊：reallife021[email protected] or 站內信祥談      [徵求] 12/5 早上 07:40 ~ 07:50 宜蘭市宜興路一段(伯斯飯店對面) 行車紀錄器    地點：宜蘭市宜興路一段(伯斯飯店對面) 東門夜市橋下往麥當勞方向  https://i.imgur.com/IL04MT3.jpg Google Map https://goo.gl/maps/XfMxNUjqLik  時間：12/5 早上 07:40 ~ 07:50 事故發生在 07:44 約 07:50 救護車過來  事故：白色機車從聖後街左轉宜興路一段 再從右後方超車擦撞直行中的黑色機車  https://i.imgur.com/d1kcHaT.jpg  黑色機車是我家人 當天著咖啡色雨衣 被撞倒後於加護病房治療數日  警方提供的路口監視器畫面有死角、解析度不足 缺乏清楚的碰撞畫面  為了釐清肇事責任 若您的行車紀錄器有錄到這段畫面或者有目擊到 請與我們聯絡  聯絡資訊：[email protected] 姚先生 0939-182-467、0922-918-036        [徵求] 12/5約下午6點 新北 青山路二段往林口 貨車肇事逃逸撞到GOGORO    時間：12/5 約下午5:50-6:00  12/5 下午約5點50分前後兩三分鐘  青山路二段往林口方向 當天貨車司機超車撞上　對方貨車司機肇事逃逸  若有行車紀錄器拍到貨車與gogoro車禍的畫面麻煩與我聯絡  聯絡方式：站內信 zzzoozzo        [徵求] 12/4 晚上 2140~2200 北市市民大道六段(永吉國中後方處) 行車紀錄器     地點 : 台北市市民大道六段(過松信路往虎林街中途方向)  時間 : 12/4(二)晚上2140~22001  事故 :前方騎機車時遭後方汽車側面推撞導致摔車 對方肇逃  聯絡資訊 : 請[email protected] 聯絡或站內信        [徵求] 12/3 晚上7:30~8:00 臺中市烏日區中山路一段 機車車禍的行車記錄器    地點：台中市烏日區中山路一段(麥當勞和大同3c前)  時間：12/3(一) 約晚上7:30~8:00  事故：前方機車摔車導致後方機車閃避不及而摔車。  聯絡資訊：吳小姐，電話為0908023669。        [徵求] 12/3 早上約7:00-7:30 台中烏日->大里 摩托車轎車重大事故 現場有救護車    地點：台中環河路二段　烏日至大里　剛下斜張橋　上班必經路段  時間：12/3(一) 約7:10-7:30  事故：機車與轎車重大事故 現場有2台救護車  徵求行車紀錄器 https://i.imgur.com/zaN8EIv.jpg  聯絡人：朱小姐　0916505227      [徵求] 12月1日 高雄市鳳山區建國路一段 阿嬤出車禍 行車紀錄器 目擊人士    時間：2018年12月1日 上午 9 : 10～ 9 : 40  地點：高雄市鳳山區建國路一段 大智陸橋 -大寮 往 鳳山方向 (台1線 往 西，上橋附近  )  事故：機車、腳踏車 聯絡人：0980 997 484 王小姐、0987 320 569 謝小姐      [徵求]2018.11.30晚間 林口交流道 死亡車禍-行車記錄器    *時間：2018.11.30星期五晚上約8點半～9點  *地點：在南下林口交流道路段（約文化三路的高速公路橋下方）  *車禍方式：三菱黑色廂型車與另台車擦撞後撞擊護欄翻覆，駕駛當場拋飛。  *徵求行車紀錄器或目擊者  *連絡電話：0987236690 高先生 或寄信至[email protected]  [徵求] 11/30 12：50-13：00 國一南下行經197.3 靠近彰化出口 擦撞行車紀錄  時間：11/30 12：50-13：00  地點：國一南下行經197.3　靠近彰化出口  自小客（黑色susuki solio )和大貨車(綠色車頭）的擦撞紀錄  https://i.imgur.com/52kGlCM.jpg　https://i.imgur.com/XIAIIxl.jpg  協尋行車記錄器　請站內信：Fashy    [徵求] 11/28（三）中午11~12:00 新莊 新海橋死亡車禍 行車紀錄器    時間：11/28（三）中午約11:00～12:00  地點：新莊-新海橋下重新堤外道10k+100這邊往三重方向  徵求行車紀錄器，或影片中目擊證人孫先生　https://youtu.be/HfHqUfQPL_E?t=36  https://www.ptt.cc/bbs/Gossiping/M.1543662594.A.F7E.html  麻煩聯絡：劉小姐0960546575      [徵求] 11/28 台中大貨車撞死機車騎士 肇事者目擊者說法落差大 尋求行車紀錄器  騎士慘遭貨車輾死　拖行血跡10公尺　肇事駕駛推責 https://youtu.be/9uj5QZEY0s8  懇請轉傳此圖協尋：https://i.imgur.com/Poo6Zp9.jpg  日期：2018/11/28 時間：下午1:45～2:20  路段：約在台中市龍井區臨港東路二段345號前（下中彰大橋往北方向）  聯絡人資訊： 張先生 0975337800    [徵求]2018.11.27 早上9:40 台88公路向東1.1公里處 中油油罐車車禍  時間：11月27號 早上9:40左右  地點：台88公路向東1.1公里處，內側車道 中油油罐車撞TOYOTA紅色轎車  麻煩聯絡 蘇先生 0975766773 [email protected]  [徵求]11/24 早上高雄凱旋三路行車記錄器  事發地點:高雄市前鎮區凱旋三路111號 事發時間:2018/11/24 早上10:47  一台藍色雷霆s被逆向的白色福特休旅車撞到 https://i.imgur.com/R52mS6N.jpg  事故發生在此路段 https://i.imgur.com/X7RugbD.jpg  聯絡方式:站內信mmmm7k8k或寄到[email protected]  [徵求]2018.11.22大雨夜晚死亡車禍-新北大道中山橋行車記錄器  時間：107年11月22日晚上10:00~10:10分  地點：由三重往新莊方向，大約在新北大道上中山橋，橋上機車快慢車道分界點  請求支援項目：當時路過行車記錄器、或是公車的行經路線  新聞：天雨路滑失控自摔　機車噴飛20公尺騎士不治  https://tw.appledaily.com/new/realtime/20181123/1471600/  聯絡方式：當事人家屬張爸爸(0960-772-450) 站內信tony811207      [協尋] 11.20新莊中正路 早上10點  特徵：77歲女 身穿橘色白條紋高領長袖衣服，咖啡色長褲，紫色斜背包  時間：2018.11.20 早上10點左右 地點：新北市新莊區中正路129號  照片:https://i.imgur.com/FsS4fil.jpg 聯絡方式:站內信 或 0989-918-415 翁先生    [徵求]11.18 彰化大城車禍行車記錄器  時間：11.18 早上8點 地點：大城鄉東平路２０９巷路口  遭遇機車側撞(我表妹也騎機車)，當場就離開了…  聯絡方式：站內信給我或是寄到[email protected] 0928-409-510    [徵求]11.13 台北-樂群二路堤頂大道交叉路口 11/13車禍 行車紀錄器  時間：11/13 晚間6:30左右  地點：台北-樂群二路堤頂大道交叉路口  聯絡方式：站內信mandy9841    [協尋] 11.12 急 台北57歲重疾老翁失蹤  失蹤日期：11.12 時間：晚間7點左右 地點：士林區至善路3段371號(最後已知現身地)  https://i.imgur.com/WCd2Lef.jpg  特徵：四肢偏細，明顯小腹，身患重病，會經常咳嗽，行走較困難，失蹤當日穿著如圖，  白襯衫及黑西裝褲(失蹤當日未戴眼鏡) 聯絡人：羅小姐 0953-807-867    [徵求] 11.12 國3 南下193.5公里處過和美交流道轉彎處 行車紀錄器  車禍時間：11/12 晚上11-12點　路段:https://i.imgur.com/pTu8HGT.jpg  地點：國3 南下193.5公里處過和美交流道轉彎處 當時碰撞的三台車上都沒行車紀錄  聯絡方式：0988539757 黃先生    [徵求]11.10台北-浮洲橋機車道11/10上午行車記錄器  時間：今日11月10日，10點到10點30分左右  地點：樹林往板橋土城的《浮洲橋》機車道  聯絡資訊　姓名：潘子顥　電話：0968618800    [徵求]11/08 下午1點 台北市承德路七段兩公館路交叉口行車畫面  11/08 下午1點時，於台北市承德路七段與393巷、公館路口(大同公司前)，  兩輛摩托車發生車禍，  麻煩站內信:mouse1219    [徵求] 11/7 新莊民安路車禍影像  日期：107年11月7日 時間：早上9:15左右  地點：新莊民安路 民安國小側門 車禍方式：機車  請站內信：zxcsu0321200    [徵求]11.3高雄-11/3 13：06 高醫大行車記錄器或目擊證人  (1)自由一路往十全一路方向的行車記錄器 (2)自由一路往同盟一路方向的行車記錄器  白色BMW 的車主，極可能有看到/錄到事發經過 車牌是A**-3367  請將資料寄到[email protected]  [徵求]11.2高雄-車禍行車紀錄器　11/2 星期五 約下午2:35   於台17線 高雄往北上台南方向 永安區保安路（新華路萊爾富附近）機車與聯結車車禍  聯絡電話：0958672566    ====  下為完整資訊(無特定排序)  ---  [徵求] 12/24,基隆市西定路421號前行車記錄器    事件內容:  我朋友於107年12月24日（星期一）17時40分，在基隆市中山區西定路421-13號前過馬路  時，遭機車擦撞，目前腦出血，在加護病房觀察中，肇事者也表示不知道如何發生，因現  場無監視器可以拍攝到事件經過，希望有當時有行駛在「西定路421-13號前」的朋友可以  提供行車紀錄器畫面！  謝謝大家 。　聯絡方式：站內信mosdck1989  https://i.imgur.com/M1Gzqpi.jpg  https://i.imgur.com/C5GFUGJ.jpg  https://i.imgur.com/wmPjm1m.jpg    [徵求] 12/12晚上8:40岡山交流道出口行車記錄器    地點：南下岡山交流道出口           （往岡山方向，阿芬檳榔前）  時間：12/12 晚上8:40前後    ******************************************  拜託大家幫幫忙～我母親於107/12/12晚上20:42左右在「台南方向下岡山交流道」-「往  岡山方向處」，地址是：《安招路1010號-阿芬檳榔攤斜前方》發生車禍，母親騎機車被  一名下匝道的香檳金toyota自小客車從右方碰撞，因肇事者車上無行車記錄器，檳榔攤監  視器畫面有死角不完整！    畫面中有一名自小客車在後方，請求此車主提供行車記錄器！  跪求當下有經過此處的各位提供行車記錄器畫面，或是附近店家監視器有錄到這段畫面的  話，麻煩通知我一聲！  主要是尋找目擊者，也就是行車記錄器去了解當下的狀況，肇事者有留在現場    母親目前在加護病房狀況病危，情況極度惡化不樂觀，拜託各位可以幫忙轉發分享或為母  親加油打氣祈禱，感謝大家。    https://i.imgur.com/kymV90d.jpg    ---  [徵求] 12/9 約凌晨1:20 新竹 牛埔路行車記錄器 疑似酒駕　行車紀錄器  大家好    朋友於昨天凌晨被一台違規左轉的汽車正面相撞  他是騎摩托車，當時是綠燈  現在情況是臉部除了額頭之外的骨頭幾乎都斷掉或碎裂  好險生命安全無虞    對方車主宣稱無行車記錄器  副駕駛座的男生有喝酒，並且有人通報他們可能有駕駛人互換之嫌疑  到目前人都沒出現過，僅有電話聯繫  當時肇事車輛前方還有一台直行車  所以想來跟大家徵求行車記錄器    不好意思我現在心情還很亂，打起來可能不太通順  事發地點在牛埔路往牛埔東路的三岔路口    如果有正好經過或是附近店家有行車記錄器的好心人再麻煩站內信star001  麻煩大家！！！謝謝！！！      [徵求] 12月1日 高雄市鳳山區建國路一段 阿嬤出車禍 行車紀錄器 目擊人士  大家好：我阿嬤出了車禍，現在還在加護病房昏迷中，為了釐清事發經過，請助我們一臂  之力。  拜託您幫忙，檢視 行車紀錄畫面  如果有錄到這段過程，或您是目擊人士，請與我們連絡！  如果有錄到這段過程，或您是目擊人士，請與我們連絡！  如果您有其他社群網站的帳號，也可以幫忙轉發代PO，非常非常感謝！  時間：2018年12月1日 上午 9 : 10～ 9 : 40  地點：高雄市鳳山區建國路一段 大智陸橋 -大寮 往 鳳山方向 (台1線 往 西，上橋附近  )  事故：機車、腳踏車  聯絡人：0980 997 484 王小姐、0987 320 569 謝小姐    ---  [徵求]2018.11.30晚間 林口交流道 死亡車禍-行車記錄器  *時間：2018.11.30星期五晚上約8點半～9點    *地點：在南下林口交流道路段（約文化三路的高速公路橋下方）    *車禍方式：三菱黑色廂型車與另台車擦撞後撞擊護欄翻覆，駕駛當場拋飛。    *請求項目：無行車記錄器無法還原真相，想請問當時有無經過的車輛有行車記錄影像拍  到或目擊者，希望能幫助我們來還原真相。    *連絡電話：0987236690 高先生  或寄信至[email protected]    希望有目擊者或有行車記錄器的朋友幫忙給予協助釐清事發經過，謝謝！    ---  [徵求] 11/28（三）中午11~12:00 新莊 新海橋死亡車禍 行車紀錄器  https://www.ptt.cc/bbs/Gossiping/M.1543662594.A.F7E.html  目前非常需要大家幫忙  朋友的朋友發生意外身故了  需要有人提供當天行車紀錄器！  或者  有認識影片中目擊證人 孫先生    https://youtu.be/HfHqUfQPL_E?t=36    希望大家可以幫忙  11/28（三）中午約11:00～12:00  新莊 新海橋下重新堤外道10k+100這邊往三重方向    拜託大家了！  非常感謝  若有行車記錄器，或任何影像，麻煩聯絡  劉小姐0960546575    謝謝大家  再請大家幫忙分享，謝謝!        ----  [徵求] 11/28 台中大貨車撞死機車騎士 肇事者目擊者說法落差大 尋求行車紀錄器  新聞連結 https://youtu.be/9uj5QZEY0s8  轉傳圖片 https://imgur.com/Poo6Zp9    [尋求行車紀錄器畫面]  車禍方式：大貨車對機車  日期：2018/11/28  時間：下午1:45～2:20  路段：約在台中市龍井區臨港東路二段345號前（下中彰大橋往北方向）    說明：    我們的朋友行經那條路段時與大貨車相撞，車禍當下就已經離開了......連搶救都沒辦法  ......因為肇事者跟目擊者的說法有很大的落差，我們很想知道真相，因那路段沒有監視  攝影，所以懇請善心人士幫幫我們，提供這段時間的行車記錄器，幫助我們找到車禍真相  。煩請私訊或電話聯絡我們，感謝    聯絡人資訊：  張先生 0975337800        [徵求] 11.12 國3 南下193.5公里處過和美交流道轉彎處 行車紀錄器  以下是代轉發，再麻煩版主了，謝謝。    https://i.imgur.com/pTu8HGT.jpg  https://i.imgur.com/hPs6qfD.jpg  https://i.imgur.com/h9XpFfE.jpg  車禍路段 是我的家人  拜託 拜託 拜託 ..  各位的行車畫面  各位的分享  都能幫上我們很大的忙    麻煩各位ˋ           ♀      大家 在11/12 晚上11-12點 有經過此路段 請提供行車紀錄給我們      地點：國3 南下193.5公里處過和美交流道轉彎處    感激不盡 謝謝  —————————————  請大家幫忙 分享 分享 分享  ㄧ場意外帶走了這麼善良的ㄧ個好人  哥 ㄧ路走來救過無數的生命  長期救援路邊的流浪動物    11/12 晚上 11-12之間  載ㄧ隻毛小孩送往彰化愛媽狗園的路上  出了意外車禍  這場車禍 帶走了哥  當時碰撞的三台車上都沒行車紀錄  請大家有行經 車禍路段  請伸出援手幫幫忙  徵求 行車紀錄器&目擊者        時間：11月12日  晚上11-12之間    (11:42分 哥 還有打電話報警 之後就沒音訊了)        地點：國3 南下193.5公里處過 和美交流道轉彎處    懇請 尋找車禍行車影像    請大家幫個忙      ----  [協尋] 11.12 急 台北57歲重疾老翁失蹤  (代PO)  失蹤日期：2018.11.12 時間：晚間七點左右  地點：台北市士林區至善路三段371號(最後已知現身地)  失蹤者資訊：  姓名：蘇子銘  性名：男性  生日：民國50年2月12日  身高：168公分 體重：74公斤左右    https://i.imgur.com/WCd2Lef.jpg    特徵：四肢偏細，明顯小腹，身患重病，會經常咳嗽，行走較困難，失蹤當日穿著如圖，  白襯衫及黑西裝褲(失蹤當日未戴眼鏡)    描述：  蘇先生於11月12日晚間約7點左右，於三重表示要出門至台北市士林區至善路三段371號牽  車，車牌AKX-9772，因身患重疾，不良於行，且會經常咳嗽不適，如有看到以下圖片相似  身影，再煩請各位善心大德通知聯絡！！！    已報警協尋，警察仍在尋找中未有下落    聯絡人：羅小姐 0953-807-867        ----  [協尋] 新莊中正路11.20 早上10點   作者  wwf449 (跟鄉民一起看熱鬧的)                            看板  Gossiping    標題  [協尋] 代PO朋友家人走失                                                   時間  Wed Nov 21 00:17:39 2018                                                 ───────────────────────────────────────    朋友家人走失，已確診阿茲海默症，思路不清晰    失蹤日期：2018.11.20 時間：早上10點左右  地點：新北市新莊區中正路129號 https://i.imgur.com/VCRevdX.jpg  失蹤者資訊  姓名：鄭雙  性名：女性  年齡：77  身高：160  體重：40    特徵：身穿橘色白條紋高領長袖衣服，咖啡色長褲，紫色斜背包    照片:  https://i.imgur.com/FsS4fil.jpg    聯絡方式:站內信 或 0989-918-415 翁先生      ----  [徵求] 11.18 彰化大城車禍行車記錄器  ※ [本文轉錄自 ChangHua 看板 #1RyIgBON ]  作者: poohya (熊博士) 看板: ChangHua  標題: [徵求] 彰化大城車禍行車記錄器  時間: Sun Nov 18 17:02:01 2018    想請大家幫忙分享一下    我表妹在2018.11.18今天早上八點才剛出巷口要去上班時，遭遇機車側撞(我表妹也騎機  車)，當場就離開了…    但是在大城這邊比較偏僻攝影機很少，而且都沒有拍到事發當時的狀況，想請大家協助分  享尋求有沒有行車記錄器有拍到…    地點在大城鄉東平路２０９巷路口，不好意思麻煩大家了  可以站內信給我或是寄到[email protected]    可以的話請站內信給我  連絡電話是０９２８－４０９－５１０      ----  [徵求]台北-樂群二路堤頂大道交叉路口 11/13車禍 行車紀錄器   作者  mandy9841 (Mandy)                                      看板  Gossiping    標題  Re: [新聞] BMW撞大型重機　騎士起身走了20公尺倒地亡                        時間  Wed Nov 14 13:03:00 2018                                                 ───────────────────────────────────────    我是重機騎士的女兒，目前還正在找監視器畫面可以看到當時雙向車道的號誌燈是什麼，  想要理解車禍發生的原因。因為不擅長使用ptt，可以請各位幫忙轉貼到各版，詢問11/13  晚間6.30左右，有沒有人經過瑅頂大道和樂群二路的交叉路口，有行車記錄器的嗎?謝謝  各位的幫忙    ----  [徵求]高雄-車禍行車紀錄器　11/2 星期五 約下午2:35    作者  kalime21 (ka)                                          看板  Gossiping    標題  [協尋］高雄永安區車禍請求幫忙提供行車記錄                                 時間  Tue Nov  6 00:36:58 2018                                                 ───────────────────────────────────────    幫人代po  地點:  高雄永安區(必填)    徵求行車記錄器  11/2 星期五 約下午2:35  於台17線 高雄往北上台南方向 永安區保安路（新華路萊爾富附近）機車與聯結車車禍    因機車駕駛事發後陷入昏迷，醒來後喪失車禍當下記憶，但記得昏迷前有路過民眾問他需  不需要行車記錄器，不過當下意識模糊，告訴對方不用了後便昏迷，事後警察只說是他的  錯，因此想了解事情經過。    聯絡電話：0958672566    另外好奇一件事，駕駛因車禍撞擊，有昏迷一小段時間，但一醒來警察說全都是他的錯，  警察也沒有幫忙呼叫救護車，還是剛好一台救護車經過問他要不要順便上車，不過上面已  經有往生者了...請問按照警方處理車禍的流程，若有傷者是否應該要幫忙呼叫救護車？  沒有要責怪警察，因只聽到機車駕駛的說法，但小弟好奇問問處理流程～    ----  [徵求]高雄-11/3 13：06 高醫大行車記錄器或目擊證人   作者  cindyun (why)                                          看板  Gossiping    標題  Re: [徵求] 11/3 13：06 高醫大行車記錄器或目擊證                           時間  Mon Nov  5 22:17:12 2018                                                 ───────────────────────────────────────  ※ 引述《linmlin (早安號：)》之銘言：  : 時間：13:00~13:20 PM  : 地點：察哈爾一街與自由一路口  : 徵求：  : （1）自由一路往十全一路方向的行車記錄器影片  : （2）自由一路往同盟一路方向的行車記錄器影片  : 弟弟發生了車禍  : 清醒後才知道有撞到一位行人  : 但弟弟完全沒有關於車禍的記憶  : 他是騎車速度不快的人  : 想不明白怎會發生這樣嚴重的車禍  : 警察查看過附近監視器  : 沒有完整拍到當時車禍過程  : 懇請持有相關影片或目擊當場車禍過程的朋友們可以給予協助，以釐清事故經過  : 請寄到[email protected]  : 或寄站內信聯絡我  : 我們全家人心裡都覺得很難受發生這樣的事，每天都睡不著，再次懇請大家幫忙，萬分  感激  : !!!  各位八卦版眾不好意思，我是傷者的朋友。  傷者目前仍然昏迷於加護病房救治中，有生命危險  希望當天有目擊事發經過  或是曾有經過當場，有行車記錄器或是相關影片的朋友  也請拜託幫忙給予協助，釐清事發經過  請將資料寄到[email protected]  或者站內信聯絡我    我們都很難過  也希望藉由八卦板的力量，早日辨明真相，謝謝。    當天調閱監視器有一位白色BMW 的車主，  極可能有看到/錄到事發經過  車牌是A**-3367  如有認識的朋友煩請轉告。    再次抱歉以及感謝幫忙的朋友，謝謝！    --  [徵求] 台北-浮洲橋機車道11/10上午行車記錄器   作者  Ting2015 (Ting)                                        看板  Gossiping    標題  [協尋] 浮洲橋機車道11/10上午行車記錄器                                    時間  Sun Nov 11 21:35:19 2018                                                 ───────────────────────────────────────    《代PO》    不好意思  因為朋友被發現時，現場已無生命跡象，橋上未清楚拍攝到發生當下的情形，故想釐清是  否為擦撞或自摔。  若有目擊者或行車記錄影像，麻煩聯絡我    時間：今日11月10日，10點到10點30分左右    地點：樹林往板橋土城的《浮洲橋》機車道    聯絡資訊  姓名：潘子顥  電話：0968618800    請大家幫我分享，願能提早釐清真相，讓朋友能走的安心。    謝謝大家，麻煩了。      --  [徵求]11/08 下午1點 台北市承德路七段兩公館路交叉口行車畫面   作者  mouse1219 (shaniu)                                     看板  Gossiping    標題  [協尋]11/08 下午1點 台北市承德路七段兩公館路交叉口行車畫面                時間  Sat Nov 10 06:09:50 2018                                                 ───────────────────────────────────────    大家好，  11/08 下午1點時，  於台北市承德路七段與393巷、公館路口(大同公司前)，  有兩輛摩托車發生車禍，  小弟是當事人之一，  目前的狀況是腰椎骨折等待開刀中，  由於該路口沒有監視器畫面，  所以希望有在這時間經過這路段的好心用路人能幫忙提供行車紀錄畫面，  以利小弟釐清車禍狀況，  謝謝大家~  手機排版，還請見諒，再次感謝~  麻煩站內信~    --  Sent from Putyputy on my iPhone 5s  --  [徵求] 11/7 新莊民安路車禍影像   作者  zxcsu0321200 (SunnyWong)                               看板  Gossiping    標題  [協尋] 11/7 新莊民安路車禍影像                                            時間  Sat Nov 10 00:48:31 2018                                                 ───────────────────────────────────────    車禍  日期：107年11月7日  時間：早上9:15左右  地點：新莊民安路 民安國小側門  協助方式：行車記錄器  車禍方式：機車    我為當事者朋友，因為當事者騎機車，馬路三寶之一阿嬤類的，完全沒有看馬路而且未走  斑馬線，直接行垮馬路，再加上我朋友根本沒騎快，車子不但沒有損傷，兩位也只是倒在  一起。    不過阿嬤的兒子們，不給我朋友上前去關心，不讓去醫院看，且一直暗示我朋友要付高額  的費用，當時我朋友剛綠燈一堆車子，對向也一堆，根本沒地方閃。    加上距離兩邊的斑馬線，不到100公尺。    拜託幫幫他  他只是一個要去讀書要準備考試的學生    ---    --  |403|243|141|19
