|url|time|title|author|ip|content|all_comment_count|push_count|neutral_count|dislike_count|comment_status|comment_time|comment_user|comment_content
0|https://www.ptt.cc/bbs/NBA/M.1545356424.A.572.html|Fri Dec 21 09:40:21 2018|[新聞] 林書豪交易傳聞再起 　奧蘭多魔術有興趣|Gotham (萬惡之城)|101.137.101.35|  林書豪交易傳聞再起 　奧蘭多魔術有興趣      林書豪日前傳聞交易到西區球隊破局，今天又傳出魔術對林書豪有興趣。    根據消息，林書豪在黃蜂隊擔任教練的克里夫Steve Clifford，目前是魔術總教練，推測  是對林書豪表達興趣因素之一。本季林書豪在老鷹出賽26場，場均10.8分和3.1次助攻，  今年是他合約最後一年，年薪1200萬美元(約3.7億台幣)，老鷹本季打算擺爛，林書豪未  能配合球隊政策，遭懷疑是傳出交易主因。    林書豪NBA生涯從2010年開始，至今已待過7支球隊。    (陳國偉／綜合報導)    新聞網址  https://tw.sports.appledaily.com/realtime/20181221/1487342/      --  |157|96|59|2|推 | 12/21 09:41|TravisShaw  | 魔術林
1|https://www.ptt.cc/bbs/NBA/M.1545356424.A.572.html|Fri Dec 21 09:40:21 2018|[新聞] 林書豪交易傳聞再起 　奧蘭多魔術有興趣|Gotham (萬惡之城)|101.137.101.35|  林書豪交易傳聞再起 　奧蘭多魔術有興趣      林書豪日前傳聞交易到西區球隊破局，今天又傳出魔術對林書豪有興趣。    根據消息，林書豪在黃蜂隊擔任教練的克里夫Steve Clifford，目前是魔術總教練，推測  是對林書豪表達興趣因素之一。本季林書豪在老鷹出賽26場，場均10.8分和3.1次助攻，  今年是他合約最後一年，年薪1200萬美元(約3.7億台幣)，老鷹本季打算擺爛，林書豪未  能配合球隊政策，遭懷疑是傳出交易主因。    林書豪NBA生涯從2010年開始，至今已待過7支球隊。    (陳國偉／綜合報導)    新聞網址  https://tw.sports.appledaily.com/realtime/20181221/1487342/      --  |157|96|59|2|推 | 12/21 09:42|Wb2029T     | 又有新成就了嗎？
2|https://www.ptt.cc/bbs/NBA/M.1545356424.A.572.html|Fri Dec 21 09:40:21 2018|[新聞] 林書豪交易傳聞再起 　奧蘭多魔術有興趣|Gotham (萬惡之城)|101.137.101.35|  林書豪交易傳聞再起 　奧蘭多魔術有興趣      林書豪日前傳聞交易到西區球隊破局，今天又傳出魔術對林書豪有興趣。    根據消息，林書豪在黃蜂隊擔任教練的克里夫Steve Clifford，目前是魔術總教練，推測  是對林書豪表達興趣因素之一。本季林書豪在老鷹出賽26場，場均10.8分和3.1次助攻，  今年是他合約最後一年，年薪1200萬美元(約3.7億台幣)，老鷹本季打算擺爛，林書豪未  能配合球隊政策，遭懷疑是傳出交易主因。    林書豪NBA生涯從2010年開始，至今已待過7支球隊。    (陳國偉／綜合報導)    新聞網址  https://tw.sports.appledaily.com/realtime/20181221/1487342/      --  |157|96|59|2|推 | 12/21 09:43|peter89000  | 魔術要拿誰還換阿？
3|https://www.ptt.cc/bbs/NBA/M.1545356424.A.572.html|Fri Dec 21 09:40:21 2018|[新聞] 林書豪交易傳聞再起 　奧蘭多魔術有興趣|Gotham (萬惡之城)|101.137.101.35|  林書豪交易傳聞再起 　奧蘭多魔術有興趣      林書豪日前傳聞交易到西區球隊破局，今天又傳出魔術對林書豪有興趣。    根據消息，林書豪在黃蜂隊擔任教練的克里夫Steve Clifford，目前是魔術總教練，推測  是對林書豪表達興趣因素之一。本季林書豪在老鷹出賽26場，場均10.8分和3.1次助攻，  今年是他合約最後一年，年薪1200萬美元(約3.7億台幣)，老鷹本季打算擺爛，林書豪未  能配合球隊政策，遭懷疑是傳出交易主因。    林書豪NBA生涯從2010年開始，至今已待過7支球隊。    (陳國偉／綜合報導)    新聞網址  https://tw.sports.appledaily.com/realtime/20181221/1487342/      --  |157|96|59|2|推 | 12/21 09:43|AlanLinKL   | 魔術球衣可以啊啊啊
4|https://www.ptt.cc/bbs/NBA/M.1545356424.A.572.html|Fri Dec 21 09:40:21 2018|[新聞] 林書豪交易傳聞再起 　奧蘭多魔術有興趣|Gotham (萬惡之城)|101.137.101.35|  林書豪交易傳聞再起 　奧蘭多魔術有興趣      林書豪日前傳聞交易到西區球隊破局，今天又傳出魔術對林書豪有興趣。    根據消息，林書豪在黃蜂隊擔任教練的克里夫Steve Clifford，目前是魔術總教練，推測  是對林書豪表達興趣因素之一。本季林書豪在老鷹出賽26場，場均10.8分和3.1次助攻，  今年是他合約最後一年，年薪1200萬美元(約3.7億台幣)，老鷹本季打算擺爛，林書豪未  能配合球隊政策，遭懷疑是傳出交易主因。    林書豪NBA生涯從2010年開始，至今已待過7支球隊。    (陳國偉／綜合報導)    新聞網址  https://tw.sports.appledaily.com/realtime/20181221/1487342/      --  |157|96|59|2|推 | 12/21 09:43|arashicool  | 有迪士尼的球衣可以穿了
5|https://www.ptt.cc/bbs/NBA/M.1545356424.A.572.html|Fri Dec 21 09:40:21 2018|[新聞] 林書豪交易傳聞再起 　奧蘭多魔術有興趣|Gotham (萬惡之城)|101.137.101.35|  林書豪交易傳聞再起 　奧蘭多魔術有興趣      林書豪日前傳聞交易到西區球隊破局，今天又傳出魔術對林書豪有興趣。    根據消息，林書豪在黃蜂隊擔任教練的克里夫Steve Clifford，目前是魔術總教練，推測  是對林書豪表達興趣因素之一。本季林書豪在老鷹出賽26場，場均10.8分和3.1次助攻，  今年是他合約最後一年，年薪1200萬美元(約3.7億台幣)，老鷹本季打算擺爛，林書豪未  能配合球隊政策，遭懷疑是傳出交易主因。    林書豪NBA生涯從2010年開始，至今已待過7支球隊。    (陳國偉／綜合報導)    新聞網址  https://tw.sports.appledaily.com/realtime/20181221/1487342/      --  |157|96|59|2|推 | 12/21 09:44|ZachBritton | 認真打球=未能配合球隊政策
6|https://www.ptt.cc/bbs/NBA/M.1545356424.A.572.html|Fri Dec 21 09:40:21 2018|[新聞] 林書豪交易傳聞再起 　奧蘭多魔術有興趣|Gotham (萬惡之城)|101.137.101.35|  林書豪交易傳聞再起 　奧蘭多魔術有興趣      林書豪日前傳聞交易到西區球隊破局，今天又傳出魔術對林書豪有興趣。    根據消息，林書豪在黃蜂隊擔任教練的克里夫Steve Clifford，目前是魔術總教練，推測  是對林書豪表達興趣因素之一。本季林書豪在老鷹出賽26場，場均10.8分和3.1次助攻，  今年是他合約最後一年，年薪1200萬美元(約3.7億台幣)，老鷹本季打算擺爛，林書豪未  能配合球隊政策，遭懷疑是傳出交易主因。    林書豪NBA生涯從2010年開始，至今已待過7支球隊。    (陳國偉／綜合報導)    新聞網址  https://tw.sports.appledaily.com/realtime/20181221/1487342/      --  |157|96|59|2|→ | 12/21 09:44|tindy       | 消息源是哪
7|https://www.ptt.cc/bbs/NBA/M.1545356424.A.572.html|Fri Dec 21 09:40:21 2018|[新聞] 林書豪交易傳聞再起 　奧蘭多魔術有興趣|Gotham (萬惡之城)|101.137.101.35|  林書豪交易傳聞再起 　奧蘭多魔術有興趣      林書豪日前傳聞交易到西區球隊破局，今天又傳出魔術對林書豪有興趣。    根據消息，林書豪在黃蜂隊擔任教練的克里夫Steve Clifford，目前是魔術總教練，推測  是對林書豪表達興趣因素之一。本季林書豪在老鷹出賽26場，場均10.8分和3.1次助攻，  今年是他合約最後一年，年薪1200萬美元(約3.7億台幣)，老鷹本季打算擺爛，林書豪未  能配合球隊政策，遭懷疑是傳出交易主因。    林書豪NBA生涯從2010年開始，至今已待過7支球隊。    (陳國偉／綜合報導)    新聞網址  https://tw.sports.appledaily.com/realtime/20181221/1487342/      --  |157|96|59|2|推 | 12/21 09:46|LBJGod      | 可以去一些有季後賽的隊伍嗎
8|https://www.ptt.cc/bbs/NBA/M.1545356424.A.572.html|Fri Dec 21 09:40:21 2018|[新聞] 林書豪交易傳聞再起 　奧蘭多魔術有興趣|Gotham (萬惡之城)|101.137.101.35|  林書豪交易傳聞再起 　奧蘭多魔術有興趣      林書豪日前傳聞交易到西區球隊破局，今天又傳出魔術對林書豪有興趣。    根據消息，林書豪在黃蜂隊擔任教練的克里夫Steve Clifford，目前是魔術總教練，推測  是對林書豪表達興趣因素之一。本季林書豪在老鷹出賽26場，場均10.8分和3.1次助攻，  今年是他合約最後一年，年薪1200萬美元(約3.7億台幣)，老鷹本季打算擺爛，林書豪未  能配合球隊政策，遭懷疑是傳出交易主因。    林書豪NBA生涯從2010年開始，至今已待過7支球隊。    (陳國偉／綜合報導)    新聞網址  https://tw.sports.appledaily.com/realtime/20181221/1487342/      --  |157|96|59|2|→ | 12/21 09:46|LBJGod      | 根本是在愚弄我豪
9|https://www.ptt.cc/bbs/NBA/M.1545356424.A.572.html|Fri Dec 21 09:40:21 2018|[新聞] 林書豪交易傳聞再起 　奧蘭多魔術有興趣|Gotham (萬惡之城)|101.137.101.35|  林書豪交易傳聞再起 　奧蘭多魔術有興趣      林書豪日前傳聞交易到西區球隊破局，今天又傳出魔術對林書豪有興趣。    根據消息，林書豪在黃蜂隊擔任教練的克里夫Steve Clifford，目前是魔術總教練，推測  是對林書豪表達興趣因素之一。本季林書豪在老鷹出賽26場，場均10.8分和3.1次助攻，  今年是他合約最後一年，年薪1200萬美元(約3.7億台幣)，老鷹本季打算擺爛，林書豪未  能配合球隊政策，遭懷疑是傳出交易主因。    林書豪NBA生涯從2010年開始，至今已待過7支球隊。    (陳國偉／綜合報導)    新聞網址  https://tw.sports.appledaily.com/realtime/20181221/1487342/      --  |157|96|59|2|推 | 12/21 09:49|phix        | 書豪合約年 怎麼能擺爛
10|https://www.ptt.cc/bbs/NBA/M.1545356424.A.572.html|Fri Dec 21 09:40:21 2018|[新聞] 林書豪交易傳聞再起 　奧蘭多魔術有興趣|Gotham (萬惡之城)|101.137.101.35|  林書豪交易傳聞再起 　奧蘭多魔術有興趣      林書豪日前傳聞交易到西區球隊破局，今天又傳出魔術對林書豪有興趣。    根據消息，林書豪在黃蜂隊擔任教練的克里夫Steve Clifford，目前是魔術總教練，推測  是對林書豪表達興趣因素之一。本季林書豪在老鷹出賽26場，場均10.8分和3.1次助攻，  今年是他合約最後一年，年薪1200萬美元(約3.7億台幣)，老鷹本季打算擺爛，林書豪未  能配合球隊政策，遭懷疑是傳出交易主因。    林書豪NBA生涯從2010年開始，至今已待過7支球隊。    (陳國偉／綜合報導)    新聞網址  https://tw.sports.appledaily.com/realtime/20181221/1487342/      --  |157|96|59|2|推 | 12/21 09:49|hsienhao    | 藍色球衣收集過了嗎
11|https://www.ptt.cc/bbs/NBA/M.1545356424.A.572.html|Fri Dec 21 09:40:21 2018|[新聞] 林書豪交易傳聞再起 　奧蘭多魔術有興趣|Gotham (萬惡之城)|101.137.101.35|  林書豪交易傳聞再起 　奧蘭多魔術有興趣      林書豪日前傳聞交易到西區球隊破局，今天又傳出魔術對林書豪有興趣。    根據消息，林書豪在黃蜂隊擔任教練的克里夫Steve Clifford，目前是魔術總教練，推測  是對林書豪表達興趣因素之一。本季林書豪在老鷹出賽26場，場均10.8分和3.1次助攻，  今年是他合約最後一年，年薪1200萬美元(約3.7億台幣)，老鷹本季打算擺爛，林書豪未  能配合球隊政策，遭懷疑是傳出交易主因。    林書豪NBA生涯從2010年開始，至今已待過7支球隊。    (陳國偉／綜合報導)    新聞網址  https://tw.sports.appledaily.com/realtime/20181221/1487342/      --  |157|96|59|2|推 | 12/21 09:49|trant029    | 魔術林XDD
12|https://www.ptt.cc/bbs/NBA/M.1545356424.A.572.html|Fri Dec 21 09:40:21 2018|[新聞] 林書豪交易傳聞再起 　奧蘭多魔術有興趣|Gotham (萬惡之城)|101.137.101.35|  林書豪交易傳聞再起 　奧蘭多魔術有興趣      林書豪日前傳聞交易到西區球隊破局，今天又傳出魔術對林書豪有興趣。    根據消息，林書豪在黃蜂隊擔任教練的克里夫Steve Clifford，目前是魔術總教練，推測  是對林書豪表達興趣因素之一。本季林書豪在老鷹出賽26場，場均10.8分和3.1次助攻，  今年是他合約最後一年，年薪1200萬美元(約3.7億台幣)，老鷹本季打算擺爛，林書豪未  能配合球隊政策，遭懷疑是傳出交易主因。    林書豪NBA生涯從2010年開始，至今已待過7支球隊。    (陳國偉／綜合報導)    新聞網址  https://tw.sports.appledaily.com/realtime/20181221/1487342/      --  |157|96|59|2|→ | 12/21 09:50|rxvt        | 不配合擺爛這理由太爛 真要做就直接冰起來就好
13|https://www.ptt.cc/bbs/NBA/M.1545356424.A.572.html|Fri Dec 21 09:40:21 2018|[新聞] 林書豪交易傳聞再起 　奧蘭多魔術有興趣|Gotham (萬惡之城)|101.137.101.35|  林書豪交易傳聞再起 　奧蘭多魔術有興趣      林書豪日前傳聞交易到西區球隊破局，今天又傳出魔術對林書豪有興趣。    根據消息，林書豪在黃蜂隊擔任教練的克里夫Steve Clifford，目前是魔術總教練，推測  是對林書豪表達興趣因素之一。本季林書豪在老鷹出賽26場，場均10.8分和3.1次助攻，  今年是他合約最後一年，年薪1200萬美元(約3.7億台幣)，老鷹本季打算擺爛，林書豪未  能配合球隊政策，遭懷疑是傳出交易主因。    林書豪NBA生涯從2010年開始，至今已待過7支球隊。    (陳國偉／綜合報導)    新聞網址  https://tw.sports.appledaily.com/realtime/20181221/1487342/      --  |157|96|59|2|→ | 12/21 09:50|walter741225| 老鷹教練: 我就幫你到這裡了 加油
14|https://www.ptt.cc/bbs/NBA/M.1545356424.A.572.html|Fri Dec 21 09:40:21 2018|[新聞] 林書豪交易傳聞再起 　奧蘭多魔術有興趣|Gotham (萬惡之城)|101.137.101.35|  林書豪交易傳聞再起 　奧蘭多魔術有興趣      林書豪日前傳聞交易到西區球隊破局，今天又傳出魔術對林書豪有興趣。    根據消息，林書豪在黃蜂隊擔任教練的克里夫Steve Clifford，目前是魔術總教練，推測  是對林書豪表達興趣因素之一。本季林書豪在老鷹出賽26場，場均10.8分和3.1次助攻，  今年是他合約最後一年，年薪1200萬美元(約3.7億台幣)，老鷹本季打算擺爛，林書豪未  能配合球隊政策，遭懷疑是傳出交易主因。    林書豪NBA生涯從2010年開始，至今已待過7支球隊。    (陳國偉／綜合報導)    新聞網址  https://tw.sports.appledaily.com/realtime/20181221/1487342/      --  |157|96|59|2|推 | 12/21 09:50|mhkt        | Magic Lin XDD
15|https://www.ptt.cc/bbs/NBA/M.1545356424.A.572.html|Fri Dec 21 09:40:21 2018|[新聞] 林書豪交易傳聞再起 　奧蘭多魔術有興趣|Gotham (萬惡之城)|101.137.101.35|  林書豪交易傳聞再起 　奧蘭多魔術有興趣      林書豪日前傳聞交易到西區球隊破局，今天又傳出魔術對林書豪有興趣。    根據消息，林書豪在黃蜂隊擔任教練的克里夫Steve Clifford，目前是魔術總教練，推測  是對林書豪表達興趣因素之一。本季林書豪在老鷹出賽26場，場均10.8分和3.1次助攻，  今年是他合約最後一年，年薪1200萬美元(約3.7億台幣)，老鷹本季打算擺爛，林書豪未  能配合球隊政策，遭懷疑是傳出交易主因。    林書豪NBA生涯從2010年開始，至今已待過7支球隊。    (陳國偉／綜合報導)    新聞網址  https://tw.sports.appledaily.com/realtime/20181221/1487342/      --  |157|96|59|2|推 | 12/21 09:50|hua0122     | 擺爛太明顯 會被警告
16|https://www.ptt.cc/bbs/NBA/M.1545356424.A.572.html|Fri Dec 21 09:40:21 2018|[新聞] 林書豪交易傳聞再起 　奧蘭多魔術有興趣|Gotham (萬惡之城)|101.137.101.35|  林書豪交易傳聞再起 　奧蘭多魔術有興趣      林書豪日前傳聞交易到西區球隊破局，今天又傳出魔術對林書豪有興趣。    根據消息，林書豪在黃蜂隊擔任教練的克里夫Steve Clifford，目前是魔術總教練，推測  是對林書豪表達興趣因素之一。本季林書豪在老鷹出賽26場，場均10.8分和3.1次助攻，  今年是他合約最後一年，年薪1200萬美元(約3.7億台幣)，老鷹本季打算擺爛，林書豪未  能配合球隊政策，遭懷疑是傳出交易主因。    林書豪NBA生涯從2010年開始，至今已待過7支球隊。    (陳國偉／綜合報導)    新聞網址  https://tw.sports.appledaily.com/realtime/20181221/1487342/      --  |157|96|59|2|推 | 12/21 09:52|taikonkimo  | 合約年 lin不可能陪著擺爛的
17|https://www.ptt.cc/bbs/NBA/M.1545356424.A.572.html|Fri Dec 21 09:40:21 2018|[新聞] 林書豪交易傳聞再起 　奧蘭多魔術有興趣|Gotham (萬惡之城)|101.137.101.35|  林書豪交易傳聞再起 　奧蘭多魔術有興趣      林書豪日前傳聞交易到西區球隊破局，今天又傳出魔術對林書豪有興趣。    根據消息，林書豪在黃蜂隊擔任教練的克里夫Steve Clifford，目前是魔術總教練，推測  是對林書豪表達興趣因素之一。本季林書豪在老鷹出賽26場，場均10.8分和3.1次助攻，  今年是他合約最後一年，年薪1200萬美元(約3.7億台幣)，老鷹本季打算擺爛，林書豪未  能配合球隊政策，遭懷疑是傳出交易主因。    林書豪NBA生涯從2010年開始，至今已待過7支球隊。    (陳國偉／綜合報導)    新聞網址  https://tw.sports.appledaily.com/realtime/20181221/1487342/      --  |157|96|59|2|推 | 12/21 09:52|hot987eagle | 好想看豪神去水鳥啊啊啊啊
18|https://www.ptt.cc/bbs/NBA/M.1545356424.A.572.html|Fri Dec 21 09:40:21 2018|[新聞] 林書豪交易傳聞再起 　奧蘭多魔術有興趣|Gotham (萬惡之城)|101.137.101.35|  林書豪交易傳聞再起 　奧蘭多魔術有興趣      林書豪日前傳聞交易到西區球隊破局，今天又傳出魔術對林書豪有興趣。    根據消息，林書豪在黃蜂隊擔任教練的克里夫Steve Clifford，目前是魔術總教練，推測  是對林書豪表達興趣因素之一。本季林書豪在老鷹出賽26場，場均10.8分和3.1次助攻，  今年是他合約最後一年，年薪1200萬美元(約3.7億台幣)，老鷹本季打算擺爛，林書豪未  能配合球隊政策，遭懷疑是傳出交易主因。    林書豪NBA生涯從2010年開始，至今已待過7支球隊。    (陳國偉／綜合報導)    新聞網址  https://tw.sports.appledaily.com/realtime/20181221/1487342/      --  |157|96|59|2|推 | 12/21 09:53|iopjklbnm   | 林書豪也是氣氛大師嗎
19|https://www.ptt.cc/bbs/NBA/M.1545356424.A.572.html|Fri Dec 21 09:40:21 2018|[新聞] 林書豪交易傳聞再起 　奧蘭多魔術有興趣|Gotham (萬惡之城)|101.137.101.35|  林書豪交易傳聞再起 　奧蘭多魔術有興趣      林書豪日前傳聞交易到西區球隊破局，今天又傳出魔術對林書豪有興趣。    根據消息，林書豪在黃蜂隊擔任教練的克里夫Steve Clifford，目前是魔術總教練，推測  是對林書豪表達興趣因素之一。本季林書豪在老鷹出賽26場，場均10.8分和3.1次助攻，  今年是他合約最後一年，年薪1200萬美元(約3.7億台幣)，老鷹本季打算擺爛，林書豪未  能配合球隊政策，遭懷疑是傳出交易主因。    林書豪NBA生涯從2010年開始，至今已待過7支球隊。    (陳國偉／綜合報導)    新聞網址  https://tw.sports.appledaily.com/realtime/20181221/1487342/      --  |157|96|59|2|推 | 12/21 09:54|phix        | 豪神是好的氣氛大師 全隊會變教徒
20|https://www.ptt.cc/bbs/NBA/M.1545356424.A.572.html|Fri Dec 21 09:40:21 2018|[新聞] 林書豪交易傳聞再起 　奧蘭多魔術有興趣|Gotham (萬惡之城)|101.137.101.35|  林書豪交易傳聞再起 　奧蘭多魔術有興趣      林書豪日前傳聞交易到西區球隊破局，今天又傳出魔術對林書豪有興趣。    根據消息，林書豪在黃蜂隊擔任教練的克里夫Steve Clifford，目前是魔術總教練，推測  是對林書豪表達興趣因素之一。本季林書豪在老鷹出賽26場，場均10.8分和3.1次助攻，  今年是他合約最後一年，年薪1200萬美元(約3.7億台幣)，老鷹本季打算擺爛，林書豪未  能配合球隊政策，遭懷疑是傳出交易主因。    林書豪NBA生涯從2010年開始，至今已待過7支球隊。    (陳國偉／綜合報導)    新聞網址  https://tw.sports.appledaily.com/realtime/20181221/1487342/      --  |157|96|59|2|推 | 12/21 09:54|mhkt        | 不配合政策這理由太牽強了……
21|https://www.ptt.cc/bbs/NBA/M.1545356424.A.572.html|Fri Dec 21 09:40:21 2018|[新聞] 林書豪交易傳聞再起 　奧蘭多魔術有興趣|Gotham (萬惡之城)|101.137.101.35|  林書豪交易傳聞再起 　奧蘭多魔術有興趣      林書豪日前傳聞交易到西區球隊破局，今天又傳出魔術對林書豪有興趣。    根據消息，林書豪在黃蜂隊擔任教練的克里夫Steve Clifford，目前是魔術總教練，推測  是對林書豪表達興趣因素之一。本季林書豪在老鷹出賽26場，場均10.8分和3.1次助攻，  今年是他合約最後一年，年薪1200萬美元(約3.7億台幣)，老鷹本季打算擺爛，林書豪未  能配合球隊政策，遭懷疑是傳出交易主因。    林書豪NBA生涯從2010年開始，至今已待過7支球隊。    (陳國偉／綜合報導)    新聞網址  https://tw.sports.appledaily.com/realtime/20181221/1487342/      --  |157|96|59|2|推 | 12/21 09:55|hua0122     | 全隊都在擺爛玩球 自己認真玩 確實不合群
22|https://www.ptt.cc/bbs/NBA/M.1545356424.A.572.html|Fri Dec 21 09:40:21 2018|[新聞] 林書豪交易傳聞再起 　奧蘭多魔術有興趣|Gotham (萬惡之城)|101.137.101.35|  林書豪交易傳聞再起 　奧蘭多魔術有興趣      林書豪日前傳聞交易到西區球隊破局，今天又傳出魔術對林書豪有興趣。    根據消息，林書豪在黃蜂隊擔任教練的克里夫Steve Clifford，目前是魔術總教練，推測  是對林書豪表達興趣因素之一。本季林書豪在老鷹出賽26場，場均10.8分和3.1次助攻，  今年是他合約最後一年，年薪1200萬美元(約3.7億台幣)，老鷹本季打算擺爛，林書豪未  能配合球隊政策，遭懷疑是傳出交易主因。    林書豪NBA生涯從2010年開始，至今已待過7支球隊。    (陳國偉／綜合報導)    新聞網址  https://tw.sports.appledaily.com/realtime/20181221/1487342/      --  |157|96|59|2|推 | 12/21 09:55|ACEFUCK     | 魔術林 清潔樣樣行
23|https://www.ptt.cc/bbs/NBA/M.1545356424.A.572.html|Fri Dec 21 09:40:21 2018|[新聞] 林書豪交易傳聞再起 　奧蘭多魔術有興趣|Gotham (萬惡之城)|101.137.101.35|  林書豪交易傳聞再起 　奧蘭多魔術有興趣      林書豪日前傳聞交易到西區球隊破局，今天又傳出魔術對林書豪有興趣。    根據消息，林書豪在黃蜂隊擔任教練的克里夫Steve Clifford，目前是魔術總教練，推測  是對林書豪表達興趣因素之一。本季林書豪在老鷹出賽26場，場均10.8分和3.1次助攻，  今年是他合約最後一年，年薪1200萬美元(約3.7億台幣)，老鷹本季打算擺爛，林書豪未  能配合球隊政策，遭懷疑是傳出交易主因。    林書豪NBA生涯從2010年開始，至今已待過7支球隊。    (陳國偉／綜合報導)    新聞網址  https://tw.sports.appledaily.com/realtime/20181221/1487342/      --  |157|96|59|2|推 | 12/21 09:56|wupirn08    | 緯來魔術台
24|https://www.ptt.cc/bbs/NBA/M.1545356424.A.572.html|Fri Dec 21 09:40:21 2018|[新聞] 林書豪交易傳聞再起 　奧蘭多魔術有興趣|Gotham (萬惡之城)|101.137.101.35|  林書豪交易傳聞再起 　奧蘭多魔術有興趣      林書豪日前傳聞交易到西區球隊破局，今天又傳出魔術對林書豪有興趣。    根據消息，林書豪在黃蜂隊擔任教練的克里夫Steve Clifford，目前是魔術總教練，推測  是對林書豪表達興趣因素之一。本季林書豪在老鷹出賽26場，場均10.8分和3.1次助攻，  今年是他合約最後一年，年薪1200萬美元(約3.7億台幣)，老鷹本季打算擺爛，林書豪未  能配合球隊政策，遭懷疑是傳出交易主因。    林書豪NBA生涯從2010年開始，至今已待過7支球隊。    (陳國偉／綜合報導)    新聞網址  https://tw.sports.appledaily.com/realtime/20181221/1487342/      --  |157|96|59|2|推 | 12/21 09:56|hmcedamon   | 解成就
25|https://www.ptt.cc/bbs/NBA/M.1545356424.A.572.html|Fri Dec 21 09:40:21 2018|[新聞] 林書豪交易傳聞再起 　奧蘭多魔術有興趣|Gotham (萬惡之城)|101.137.101.35|  林書豪交易傳聞再起 　奧蘭多魔術有興趣      林書豪日前傳聞交易到西區球隊破局，今天又傳出魔術對林書豪有興趣。    根據消息，林書豪在黃蜂隊擔任教練的克里夫Steve Clifford，目前是魔術總教練，推測  是對林書豪表達興趣因素之一。本季林書豪在老鷹出賽26場，場均10.8分和3.1次助攻，  今年是他合約最後一年，年薪1200萬美元(約3.7億台幣)，老鷹本季打算擺爛，林書豪未  能配合球隊政策，遭懷疑是傳出交易主因。    林書豪NBA生涯從2010年開始，至今已待過7支球隊。    (陳國偉／綜合報導)    新聞網址  https://tw.sports.appledaily.com/realtime/20181221/1487342/      --  |157|96|59|2|推 | 12/21 09:58|TheRock5566 | 歡迎來我魔
26|https://www.ptt.cc/bbs/NBA/M.1545356424.A.572.html|Fri Dec 21 09:40:21 2018|[新聞] 林書豪交易傳聞再起 　奧蘭多魔術有興趣|Gotham (萬惡之城)|101.137.101.35|  林書豪交易傳聞再起 　奧蘭多魔術有興趣      林書豪日前傳聞交易到西區球隊破局，今天又傳出魔術對林書豪有興趣。    根據消息，林書豪在黃蜂隊擔任教練的克里夫Steve Clifford，目前是魔術總教練，推測  是對林書豪表達興趣因素之一。本季林書豪在老鷹出賽26場，場均10.8分和3.1次助攻，  今年是他合約最後一年，年薪1200萬美元(約3.7億台幣)，老鷹本季打算擺爛，林書豪未  能配合球隊政策，遭懷疑是傳出交易主因。    林書豪NBA生涯從2010年開始，至今已待過7支球隊。    (陳國偉／綜合報導)    新聞網址  https://tw.sports.appledaily.com/realtime/20181221/1487342/      --  |157|96|59|2|→ | 12/21 09:58|Wojnarowski | 消息源是Brandon Robinson
27|https://www.ptt.cc/bbs/NBA/M.1545356424.A.572.html|Fri Dec 21 09:40:21 2018|[新聞] 林書豪交易傳聞再起 　奧蘭多魔術有興趣|Gotham (萬惡之城)|101.137.101.35|  林書豪交易傳聞再起 　奧蘭多魔術有興趣      林書豪日前傳聞交易到西區球隊破局，今天又傳出魔術對林書豪有興趣。    根據消息，林書豪在黃蜂隊擔任教練的克里夫Steve Clifford，目前是魔術總教練，推測  是對林書豪表達興趣因素之一。本季林書豪在老鷹出賽26場，場均10.8分和3.1次助攻，  今年是他合約最後一年，年薪1200萬美元(約3.7億台幣)，老鷹本季打算擺爛，林書豪未  能配合球隊政策，遭懷疑是傳出交易主因。    林書豪NBA生涯從2010年開始，至今已待過7支球隊。    (陳國偉／綜合報導)    新聞網址  https://tw.sports.appledaily.com/realtime/20181221/1487342/      --  |157|96|59|2|→ | 12/21 09:58|Wojnarowski | 這位看看就好
28|https://www.ptt.cc/bbs/NBA/M.1545356424.A.572.html|Fri Dec 21 09:40:21 2018|[新聞] 林書豪交易傳聞再起 　奧蘭多魔術有興趣|Gotham (萬惡之城)|101.137.101.35|  林書豪交易傳聞再起 　奧蘭多魔術有興趣      林書豪日前傳聞交易到西區球隊破局，今天又傳出魔術對林書豪有興趣。    根據消息，林書豪在黃蜂隊擔任教練的克里夫Steve Clifford，目前是魔術總教練，推測  是對林書豪表達興趣因素之一。本季林書豪在老鷹出賽26場，場均10.8分和3.1次助攻，  今年是他合約最後一年，年薪1200萬美元(約3.7億台幣)，老鷹本季打算擺爛，林書豪未  能配合球隊政策，遭懷疑是傳出交易主因。    林書豪NBA生涯從2010年開始，至今已待過7支球隊。    (陳國偉／綜合報導)    新聞網址  https://tw.sports.appledaily.com/realtime/20181221/1487342/      --  |157|96|59|2|推 | 12/21 10:03|owhfr69c    | 台霉報導:林來瘋有望交易至與不能GOOGLE的男人聯手
29|https://www.ptt.cc/bbs/NBA/M.1545356424.A.572.html|Fri Dec 21 09:40:21 2018|[新聞] 林書豪交易傳聞再起 　奧蘭多魔術有興趣|Gotham (萬惡之城)|101.137.101.35|  林書豪交易傳聞再起 　奧蘭多魔術有興趣      林書豪日前傳聞交易到西區球隊破局，今天又傳出魔術對林書豪有興趣。    根據消息，林書豪在黃蜂隊擔任教練的克里夫Steve Clifford，目前是魔術總教練，推測  是對林書豪表達興趣因素之一。本季林書豪在老鷹出賽26場，場均10.8分和3.1次助攻，  今年是他合約最後一年，年薪1200萬美元(約3.7億台幣)，老鷹本季打算擺爛，林書豪未  能配合球隊政策，遭懷疑是傳出交易主因。    林書豪NBA生涯從2010年開始，至今已待過7支球隊。    (陳國偉／綜合報導)    新聞網址  https://tw.sports.appledaily.com/realtime/20181221/1487342/      --  |157|96|59|2|推 | 12/21 10:04|bay88       | 魔術林
30|https://www.ptt.cc/bbs/NBA/M.1545356424.A.572.html|Fri Dec 21 09:40:21 2018|[新聞] 林書豪交易傳聞再起 　奧蘭多魔術有興趣|Gotham (萬惡之城)|101.137.101.35|  林書豪交易傳聞再起 　奧蘭多魔術有興趣      林書豪日前傳聞交易到西區球隊破局，今天又傳出魔術對林書豪有興趣。    根據消息，林書豪在黃蜂隊擔任教練的克里夫Steve Clifford，目前是魔術總教練，推測  是對林書豪表達興趣因素之一。本季林書豪在老鷹出賽26場，場均10.8分和3.1次助攻，  今年是他合約最後一年，年薪1200萬美元(約3.7億台幣)，老鷹本季打算擺爛，林書豪未  能配合球隊政策，遭懷疑是傳出交易主因。    林書豪NBA生涯從2010年開始，至今已待過7支球隊。    (陳國偉／綜合報導)    新聞網址  https://tw.sports.appledaily.com/realtime/20181221/1487342/      --  |157|96|59|2|推 | 12/21 10:05|easy531     | 拜託 趕快換 魔術暫居東區老八 季後賽有望
31|https://www.ptt.cc/bbs/NBA/M.1545356424.A.572.html|Fri Dec 21 09:40:21 2018|[新聞] 林書豪交易傳聞再起 　奧蘭多魔術有興趣|Gotham (萬惡之城)|101.137.101.35|  林書豪交易傳聞再起 　奧蘭多魔術有興趣      林書豪日前傳聞交易到西區球隊破局，今天又傳出魔術對林書豪有興趣。    根據消息，林書豪在黃蜂隊擔任教練的克里夫Steve Clifford，目前是魔術總教練，推測  是對林書豪表達興趣因素之一。本季林書豪在老鷹出賽26場，場均10.8分和3.1次助攻，  今年是他合約最後一年，年薪1200萬美元(約3.7億台幣)，老鷹本季打算擺爛，林書豪未  能配合球隊政策，遭懷疑是傳出交易主因。    林書豪NBA生涯從2010年開始，至今已待過7支球隊。    (陳國偉／綜合報導)    新聞網址  https://tw.sports.appledaily.com/realtime/20181221/1487342/      --  |157|96|59|2|→ | 12/21 10:07|starchiang  | 合約年，誰要擺爛？不然你就直接宣布棄用呀
32|https://www.ptt.cc/bbs/NBA/M.1545356424.A.572.html|Fri Dec 21 09:40:21 2018|[新聞] 林書豪交易傳聞再起 　奧蘭多魔術有興趣|Gotham (萬惡之城)|101.137.101.35|  林書豪交易傳聞再起 　奧蘭多魔術有興趣      林書豪日前傳聞交易到西區球隊破局，今天又傳出魔術對林書豪有興趣。    根據消息，林書豪在黃蜂隊擔任教練的克里夫Steve Clifford，目前是魔術總教練，推測  是對林書豪表達興趣因素之一。本季林書豪在老鷹出賽26場，場均10.8分和3.1次助攻，  今年是他合約最後一年，年薪1200萬美元(約3.7億台幣)，老鷹本季打算擺爛，林書豪未  能配合球隊政策，遭懷疑是傳出交易主因。    林書豪NBA生涯從2010年開始，至今已待過7支球隊。    (陳國偉／綜合報導)    新聞網址  https://tw.sports.appledaily.com/realtime/20181221/1487342/      --  |157|96|59|2|推 | 12/21 10:08|dakkk       | 老魔術迷報到
33|https://www.ptt.cc/bbs/NBA/M.1545356424.A.572.html|Fri Dec 21 09:40:21 2018|[新聞] 林書豪交易傳聞再起 　奧蘭多魔術有興趣|Gotham (萬惡之城)|101.137.101.35|  林書豪交易傳聞再起 　奧蘭多魔術有興趣      林書豪日前傳聞交易到西區球隊破局，今天又傳出魔術對林書豪有興趣。    根據消息，林書豪在黃蜂隊擔任教練的克里夫Steve Clifford，目前是魔術總教練，推測  是對林書豪表達興趣因素之一。本季林書豪在老鷹出賽26場，場均10.8分和3.1次助攻，  今年是他合約最後一年，年薪1200萬美元(約3.7億台幣)，老鷹本季打算擺爛，林書豪未  能配合球隊政策，遭懷疑是傳出交易主因。    林書豪NBA生涯從2010年開始，至今已待過7支球隊。    (陳國偉／綜合報導)    新聞網址  https://tw.sports.appledaily.com/realtime/20181221/1487342/      --  |157|96|59|2|→ | 12/21 10:10|ATand       | 我 要 看 豪 鬼 打 季 後 賽 !
34|https://www.ptt.cc/bbs/NBA/M.1545356424.A.572.html|Fri Dec 21 09:40:21 2018|[新聞] 林書豪交易傳聞再起 　奧蘭多魔術有興趣|Gotham (萬惡之城)|101.137.101.35|  林書豪交易傳聞再起 　奧蘭多魔術有興趣      林書豪日前傳聞交易到西區球隊破局，今天又傳出魔術對林書豪有興趣。    根據消息，林書豪在黃蜂隊擔任教練的克里夫Steve Clifford，目前是魔術總教練，推測  是對林書豪表達興趣因素之一。本季林書豪在老鷹出賽26場，場均10.8分和3.1次助攻，  今年是他合約最後一年，年薪1200萬美元(約3.7億台幣)，老鷹本季打算擺爛，林書豪未  能配合球隊政策，遭懷疑是傳出交易主因。    林書豪NBA生涯從2010年開始，至今已待過7支球隊。    (陳國偉／綜合報導)    新聞網址  https://tw.sports.appledaily.com/realtime/20181221/1487342/      --  |157|96|59|2|推 | 12/21 10:12|erici41     | 魔術林 XD
35|https://www.ptt.cc/bbs/NBA/M.1545356424.A.572.html|Fri Dec 21 09:40:21 2018|[新聞] 林書豪交易傳聞再起 　奧蘭多魔術有興趣|Gotham (萬惡之城)|101.137.101.35|  林書豪交易傳聞再起 　奧蘭多魔術有興趣      林書豪日前傳聞交易到西區球隊破局，今天又傳出魔術對林書豪有興趣。    根據消息，林書豪在黃蜂隊擔任教練的克里夫Steve Clifford，目前是魔術總教練，推測  是對林書豪表達興趣因素之一。本季林書豪在老鷹出賽26場，場均10.8分和3.1次助攻，  今年是他合約最後一年，年薪1200萬美元(約3.7億台幣)，老鷹本季打算擺爛，林書豪未  能配合球隊政策，遭懷疑是傳出交易主因。    林書豪NBA生涯從2010年開始，至今已待過7支球隊。    (陳國偉／綜合報導)    新聞網址  https://tw.sports.appledaily.com/realtime/20181221/1487342/      --  |157|96|59|2|→ | 12/21 10:13|ken720331   | 噴一下 就贏
36|https://www.ptt.cc/bbs/NBA/M.1545356424.A.572.html|Fri Dec 21 09:40:21 2018|[新聞] 林書豪交易傳聞再起 　奧蘭多魔術有興趣|Gotham (萬惡之城)|101.137.101.35|  林書豪交易傳聞再起 　奧蘭多魔術有興趣      林書豪日前傳聞交易到西區球隊破局，今天又傳出魔術對林書豪有興趣。    根據消息，林書豪在黃蜂隊擔任教練的克里夫Steve Clifford，目前是魔術總教練，推測  是對林書豪表達興趣因素之一。本季林書豪在老鷹出賽26場，場均10.8分和3.1次助攻，  今年是他合約最後一年，年薪1200萬美元(約3.7億台幣)，老鷹本季打算擺爛，林書豪未  能配合球隊政策，遭懷疑是傳出交易主因。    林書豪NBA生涯從2010年開始，至今已待過7支球隊。    (陳國偉／綜合報導)    新聞網址  https://tw.sports.appledaily.com/realtime/20181221/1487342/      --  |157|96|59|2|推 | 12/21 10:14|Parazicecum | 不配合政策XDD 這什麼爛說法 不就只是不符合方針嗎?
37|https://www.ptt.cc/bbs/NBA/M.1545356424.A.572.html|Fri Dec 21 09:40:21 2018|[新聞] 林書豪交易傳聞再起 　奧蘭多魔術有興趣|Gotham (萬惡之城)|101.137.101.35|  林書豪交易傳聞再起 　奧蘭多魔術有興趣      林書豪日前傳聞交易到西區球隊破局，今天又傳出魔術對林書豪有興趣。    根據消息，林書豪在黃蜂隊擔任教練的克里夫Steve Clifford，目前是魔術總教練，推測  是對林書豪表達興趣因素之一。本季林書豪在老鷹出賽26場，場均10.8分和3.1次助攻，  今年是他合約最後一年，年薪1200萬美元(約3.7億台幣)，老鷹本季打算擺爛，林書豪未  能配合球隊政策，遭懷疑是傳出交易主因。    林書豪NBA生涯從2010年開始，至今已待過7支球隊。    (陳國偉／綜合報導)    新聞網址  https://tw.sports.appledaily.com/realtime/20181221/1487342/      --  |157|96|59|2|→ | 12/21 10:14|Parazicecum |  講不配合政策聽起來像跟高層有爭執
38|https://www.ptt.cc/bbs/NBA/M.1545356424.A.572.html|Fri Dec 21 09:40:21 2018|[新聞] 林書豪交易傳聞再起 　奧蘭多魔術有興趣|Gotham (萬惡之城)|101.137.101.35|  林書豪交易傳聞再起 　奧蘭多魔術有興趣      林書豪日前傳聞交易到西區球隊破局，今天又傳出魔術對林書豪有興趣。    根據消息，林書豪在黃蜂隊擔任教練的克里夫Steve Clifford，目前是魔術總教練，推測  是對林書豪表達興趣因素之一。本季林書豪在老鷹出賽26場，場均10.8分和3.1次助攻，  今年是他合約最後一年，年薪1200萬美元(約3.7億台幣)，老鷹本季打算擺爛，林書豪未  能配合球隊政策，遭懷疑是傳出交易主因。    林書豪NBA生涯從2010年開始，至今已待過7支球隊。    (陳國偉／綜合報導)    新聞網址  https://tw.sports.appledaily.com/realtime/20181221/1487342/      --  |157|96|59|2|推 | 12/21 10:14|luna2000sea | 豪神搜集球衣之旅
39|https://www.ptt.cc/bbs/NBA/M.1545356424.A.572.html|Fri Dec 21 09:40:21 2018|[新聞] 林書豪交易傳聞再起 　奧蘭多魔術有興趣|Gotham (萬惡之城)|101.137.101.35|  林書豪交易傳聞再起 　奧蘭多魔術有興趣      林書豪日前傳聞交易到西區球隊破局，今天又傳出魔術對林書豪有興趣。    根據消息，林書豪在黃蜂隊擔任教練的克里夫Steve Clifford，目前是魔術總教練，推測  是對林書豪表達興趣因素之一。本季林書豪在老鷹出賽26場，場均10.8分和3.1次助攻，  今年是他合約最後一年，年薪1200萬美元(約3.7億台幣)，老鷹本季打算擺爛，林書豪未  能配合球隊政策，遭懷疑是傳出交易主因。    林書豪NBA生涯從2010年開始，至今已待過7支球隊。    (陳國偉／綜合報導)    新聞網址  https://tw.sports.appledaily.com/realtime/20181221/1487342/      --  |157|96|59|2|推 | 12/21 10:15|Kunimoto    | 我以為美國人很有運動家精神
40|https://www.ptt.cc/bbs/NBA/M.1545356424.A.572.html|Fri Dec 21 09:40:21 2018|[新聞] 林書豪交易傳聞再起 　奧蘭多魔術有興趣|Gotham (萬惡之城)|101.137.101.35|  林書豪交易傳聞再起 　奧蘭多魔術有興趣      林書豪日前傳聞交易到西區球隊破局，今天又傳出魔術對林書豪有興趣。    根據消息，林書豪在黃蜂隊擔任教練的克里夫Steve Clifford，目前是魔術總教練，推測  是對林書豪表達興趣因素之一。本季林書豪在老鷹出賽26場，場均10.8分和3.1次助攻，  今年是他合約最後一年，年薪1200萬美元(約3.7億台幣)，老鷹本季打算擺爛，林書豪未  能配合球隊政策，遭懷疑是傳出交易主因。    林書豪NBA生涯從2010年開始，至今已待過7支球隊。    (陳國偉／綜合報導)    新聞網址  https://tw.sports.appledaily.com/realtime/20181221/1487342/      --  |157|96|59|2|→ | 12/21 10:15|ePaper      | 到東岸海邊風景明媚
41|https://www.ptt.cc/bbs/NBA/M.1545356424.A.572.html|Fri Dec 21 09:40:21 2018|[新聞] 林書豪交易傳聞再起 　奧蘭多魔術有興趣|Gotham (萬惡之城)|101.137.101.35|  林書豪交易傳聞再起 　奧蘭多魔術有興趣      林書豪日前傳聞交易到西區球隊破局，今天又傳出魔術對林書豪有興趣。    根據消息，林書豪在黃蜂隊擔任教練的克里夫Steve Clifford，目前是魔術總教練，推測  是對林書豪表達興趣因素之一。本季林書豪在老鷹出賽26場，場均10.8分和3.1次助攻，  今年是他合約最後一年，年薪1200萬美元(約3.7億台幣)，老鷹本季打算擺爛，林書豪未  能配合球隊政策，遭懷疑是傳出交易主因。    林書豪NBA生涯從2010年開始，至今已待過7支球隊。    (陳國偉／綜合報導)    新聞網址  https://tw.sports.appledaily.com/realtime/20181221/1487342/      --  |157|96|59|2|推 | 12/21 10:15|rick        | 通常老鷹都第一節就被打爆 贏球只能說巫師太不小心
42|https://www.ptt.cc/bbs/NBA/M.1545356424.A.572.html|Fri Dec 21 09:40:21 2018|[新聞] 林書豪交易傳聞再起 　奧蘭多魔術有興趣|Gotham (萬惡之城)|101.137.101.35|  林書豪交易傳聞再起 　奧蘭多魔術有興趣      林書豪日前傳聞交易到西區球隊破局，今天又傳出魔術對林書豪有興趣。    根據消息，林書豪在黃蜂隊擔任教練的克里夫Steve Clifford，目前是魔術總教練，推測  是對林書豪表達興趣因素之一。本季林書豪在老鷹出賽26場，場均10.8分和3.1次助攻，  今年是他合約最後一年，年薪1200萬美元(約3.7億台幣)，老鷹本季打算擺爛，林書豪未  能配合球隊政策，遭懷疑是傳出交易主因。    林書豪NBA生涯從2010年開始，至今已待過7支球隊。    (陳國偉／綜合報導)    新聞網址  https://tw.sports.appledaily.com/realtime/20181221/1487342/      --  |157|96|59|2|→ | 12/21 10:15|rick        | 罷了
43|https://www.ptt.cc/bbs/NBA/M.1545356424.A.572.html|Fri Dec 21 09:40:21 2018|[新聞] 林書豪交易傳聞再起 　奧蘭多魔術有興趣|Gotham (萬惡之城)|101.137.101.35|  林書豪交易傳聞再起 　奧蘭多魔術有興趣      林書豪日前傳聞交易到西區球隊破局，今天又傳出魔術對林書豪有興趣。    根據消息，林書豪在黃蜂隊擔任教練的克里夫Steve Clifford，目前是魔術總教練，推測  是對林書豪表達興趣因素之一。本季林書豪在老鷹出賽26場，場均10.8分和3.1次助攻，  今年是他合約最後一年，年薪1200萬美元(約3.7億台幣)，老鷹本季打算擺爛，林書豪未  能配合球隊政策，遭懷疑是傳出交易主因。    林書豪NBA生涯從2010年開始，至今已待過7支球隊。    (陳國偉／綜合報導)    新聞網址  https://tw.sports.appledaily.com/realtime/20181221/1487342/      --  |157|96|59|2|推 | 12/21 10:16|storz1197   | 我要魔術林！！
44|https://www.ptt.cc/bbs/NBA/M.1545356424.A.572.html|Fri Dec 21 09:40:21 2018|[新聞] 林書豪交易傳聞再起 　奧蘭多魔術有興趣|Gotham (萬惡之城)|101.137.101.35|  林書豪交易傳聞再起 　奧蘭多魔術有興趣      林書豪日前傳聞交易到西區球隊破局，今天又傳出魔術對林書豪有興趣。    根據消息，林書豪在黃蜂隊擔任教練的克里夫Steve Clifford，目前是魔術總教練，推測  是對林書豪表達興趣因素之一。本季林書豪在老鷹出賽26場，場均10.8分和3.1次助攻，  今年是他合約最後一年，年薪1200萬美元(約3.7億台幣)，老鷹本季打算擺爛，林書豪未  能配合球隊政策，遭懷疑是傳出交易主因。    林書豪NBA生涯從2010年開始，至今已待過7支球隊。    (陳國偉／綜合報導)    新聞網址  https://tw.sports.appledaily.com/realtime/20181221/1487342/      --  |157|96|59|2|推 | 12/21 10:16|skery3188   | 緯來都不老鷹了
45|https://www.ptt.cc/bbs/NBA/M.1545356424.A.572.html|Fri Dec 21 09:40:21 2018|[新聞] 林書豪交易傳聞再起 　奧蘭多魔術有興趣|Gotham (萬惡之城)|101.137.101.35|  林書豪交易傳聞再起 　奧蘭多魔術有興趣      林書豪日前傳聞交易到西區球隊破局，今天又傳出魔術對林書豪有興趣。    根據消息，林書豪在黃蜂隊擔任教練的克里夫Steve Clifford，目前是魔術總教練，推測  是對林書豪表達興趣因素之一。本季林書豪在老鷹出賽26場，場均10.8分和3.1次助攻，  今年是他合約最後一年，年薪1200萬美元(約3.7億台幣)，老鷹本季打算擺爛，林書豪未  能配合球隊政策，遭懷疑是傳出交易主因。    林書豪NBA生涯從2010年開始，至今已待過7支球隊。    (陳國偉／綜合報導)    新聞網址  https://tw.sports.appledaily.com/realtime/20181221/1487342/      --  |157|96|59|2|推 | 12/21 10:16|surfkevin   | 還有另一篇推去爵士誒
46|https://www.ptt.cc/bbs/NBA/M.1545356424.A.572.html|Fri Dec 21 09:40:21 2018|[新聞] 林書豪交易傳聞再起 　奧蘭多魔術有興趣|Gotham (萬惡之城)|101.137.101.35|  林書豪交易傳聞再起 　奧蘭多魔術有興趣      林書豪日前傳聞交易到西區球隊破局，今天又傳出魔術對林書豪有興趣。    根據消息，林書豪在黃蜂隊擔任教練的克里夫Steve Clifford，目前是魔術總教練，推測  是對林書豪表達興趣因素之一。本季林書豪在老鷹出賽26場，場均10.8分和3.1次助攻，  今年是他合約最後一年，年薪1200萬美元(約3.7億台幣)，老鷹本季打算擺爛，林書豪未  能配合球隊政策，遭懷疑是傳出交易主因。    林書豪NBA生涯從2010年開始，至今已待過7支球隊。    (陳國偉／綜合報導)    新聞網址  https://tw.sports.appledaily.com/realtime/20181221/1487342/      --  |157|96|59|2|推 | 12/21 10:16|Mentha      | 我才想拜託緯來不要再播Lin了
47|https://www.ptt.cc/bbs/NBA/M.1545356424.A.572.html|Fri Dec 21 09:40:21 2018|[新聞] 林書豪交易傳聞再起 　奧蘭多魔術有興趣|Gotham (萬惡之城)|101.137.101.35|  林書豪交易傳聞再起 　奧蘭多魔術有興趣      林書豪日前傳聞交易到西區球隊破局，今天又傳出魔術對林書豪有興趣。    根據消息，林書豪在黃蜂隊擔任教練的克里夫Steve Clifford，目前是魔術總教練，推測  是對林書豪表達興趣因素之一。本季林書豪在老鷹出賽26場，場均10.8分和3.1次助攻，  今年是他合約最後一年，年薪1200萬美元(約3.7億台幣)，老鷹本季打算擺爛，林書豪未  能配合球隊政策，遭懷疑是傳出交易主因。    林書豪NBA生涯從2010年開始，至今已待過7支球隊。    (陳國偉／綜合報導)    新聞網址  https://tw.sports.appledaily.com/realtime/20181221/1487342/      --  |157|96|59|2|推 | 12/21 10:17|seal46825   | 擺爛一年3億好爽
48|https://www.ptt.cc/bbs/NBA/M.1545356424.A.572.html|Fri Dec 21 09:40:21 2018|[新聞] 林書豪交易傳聞再起 　奧蘭多魔術有興趣|Gotham (萬惡之城)|101.137.101.35|  林書豪交易傳聞再起 　奧蘭多魔術有興趣      林書豪日前傳聞交易到西區球隊破局，今天又傳出魔術對林書豪有興趣。    根據消息，林書豪在黃蜂隊擔任教練的克里夫Steve Clifford，目前是魔術總教練，推測  是對林書豪表達興趣因素之一。本季林書豪在老鷹出賽26場，場均10.8分和3.1次助攻，  今年是他合約最後一年，年薪1200萬美元(約3.7億台幣)，老鷹本季打算擺爛，林書豪未  能配合球隊政策，遭懷疑是傳出交易主因。    林書豪NBA生涯從2010年開始，至今已待過7支球隊。    (陳國偉／綜合報導)    新聞網址  https://tw.sports.appledaily.com/realtime/20181221/1487342/      --  |157|96|59|2|推 | 12/21 10:19|TimeEngine  | 老鷹對Lin很好了，給上場機會表現，時間控制得很好
49|https://www.ptt.cc/bbs/NBA/M.1545356424.A.572.html|Fri Dec 21 09:40:21 2018|[新聞] 林書豪交易傳聞再起 　奧蘭多魔術有興趣|Gotham (萬惡之城)|101.137.101.35|  林書豪交易傳聞再起 　奧蘭多魔術有興趣      林書豪日前傳聞交易到西區球隊破局，今天又傳出魔術對林書豪有興趣。    根據消息，林書豪在黃蜂隊擔任教練的克里夫Steve Clifford，目前是魔術總教練，推測  是對林書豪表達興趣因素之一。本季林書豪在老鷹出賽26場，場均10.8分和3.1次助攻，  今年是他合約最後一年，年薪1200萬美元(約3.7億台幣)，老鷹本季打算擺爛，林書豪未  能配合球隊政策，遭懷疑是傳出交易主因。    林書豪NBA生涯從2010年開始，至今已待過7支球隊。    (陳國偉／綜合報導)    新聞網址  https://tw.sports.appledaily.com/realtime/20181221/1487342/      --  |157|96|59|2|推 | 12/21 10:21|gakuto      | 其實林以往ㄧ先發就表現不好 甚至受傷
50|https://www.ptt.cc/bbs/NBA/M.1545356424.A.572.html|Fri Dec 21 09:40:21 2018|[新聞] 林書豪交易傳聞再起 　奧蘭多魔術有興趣|Gotham (萬惡之城)|101.137.101.35|  林書豪交易傳聞再起 　奧蘭多魔術有興趣      林書豪日前傳聞交易到西區球隊破局，今天又傳出魔術對林書豪有興趣。    根據消息，林書豪在黃蜂隊擔任教練的克里夫Steve Clifford，目前是魔術總教練，推測  是對林書豪表達興趣因素之一。本季林書豪在老鷹出賽26場，場均10.8分和3.1次助攻，  今年是他合約最後一年，年薪1200萬美元(約3.7億台幣)，老鷹本季打算擺爛，林書豪未  能配合球隊政策，遭懷疑是傳出交易主因。    林書豪NBA生涯從2010年開始，至今已待過7支球隊。    (陳國偉／綜合報導)    新聞網址  https://tw.sports.appledaily.com/realtime/20181221/1487342/      --  |157|96|59|2|→ | 12/21 10:21|gakuto      | 所以他最好發揮的大概就是上場20-25分鐘
51|https://www.ptt.cc/bbs/NBA/M.1545356424.A.572.html|Fri Dec 21 09:40:21 2018|[新聞] 林書豪交易傳聞再起 　奧蘭多魔術有興趣|Gotham (萬惡之城)|101.137.101.35|  林書豪交易傳聞再起 　奧蘭多魔術有興趣      林書豪日前傳聞交易到西區球隊破局，今天又傳出魔術對林書豪有興趣。    根據消息，林書豪在黃蜂隊擔任教練的克里夫Steve Clifford，目前是魔術總教練，推測  是對林書豪表達興趣因素之一。本季林書豪在老鷹出賽26場，場均10.8分和3.1次助攻，  今年是他合約最後一年，年薪1200萬美元(約3.7億台幣)，老鷹本季打算擺爛，林書豪未  能配合球隊政策，遭懷疑是傳出交易主因。    林書豪NBA生涯從2010年開始，至今已待過7支球隊。    (陳國偉／綜合報導)    新聞網址  https://tw.sports.appledaily.com/realtime/20181221/1487342/      --  |157|96|59|2|→ | 12/21 10:21|ripmelo     | Dislin!
52|https://www.ptt.cc/bbs/NBA/M.1545356424.A.572.html|Fri Dec 21 09:40:21 2018|[新聞] 林書豪交易傳聞再起 　奧蘭多魔術有興趣|Gotham (萬惡之城)|101.137.101.35|  林書豪交易傳聞再起 　奧蘭多魔術有興趣      林書豪日前傳聞交易到西區球隊破局，今天又傳出魔術對林書豪有興趣。    根據消息，林書豪在黃蜂隊擔任教練的克里夫Steve Clifford，目前是魔術總教練，推測  是對林書豪表達興趣因素之一。本季林書豪在老鷹出賽26場，場均10.8分和3.1次助攻，  今年是他合約最後一年，年薪1200萬美元(約3.7億台幣)，老鷹本季打算擺爛，林書豪未  能配合球隊政策，遭懷疑是傳出交易主因。    林書豪NBA生涯從2010年開始，至今已待過7支球隊。    (陳國偉／綜合報導)    新聞網址  https://tw.sports.appledaily.com/realtime/20181221/1487342/      --  |157|96|59|2|→ | 12/21 10:22|gakuto      | 以這樣來看 其實現在在老鷹也OK了 不要太強球
53|https://www.ptt.cc/bbs/NBA/M.1545356424.A.572.html|Fri Dec 21 09:40:21 2018|[新聞] 林書豪交易傳聞再起 　奧蘭多魔術有興趣|Gotham (萬惡之城)|101.137.101.35|  林書豪交易傳聞再起 　奧蘭多魔術有興趣      林書豪日前傳聞交易到西區球隊破局，今天又傳出魔術對林書豪有興趣。    根據消息，林書豪在黃蜂隊擔任教練的克里夫Steve Clifford，目前是魔術總教練，推測  是對林書豪表達興趣因素之一。本季林書豪在老鷹出賽26場，場均10.8分和3.1次助攻，  今年是他合約最後一年，年薪1200萬美元(約3.7億台幣)，老鷹本季打算擺爛，林書豪未  能配合球隊政策，遭懷疑是傳出交易主因。    林書豪NBA生涯從2010年開始，至今已待過7支球隊。    (陳國偉／綜合報導)    新聞網址  https://tw.sports.appledaily.com/realtime/20181221/1487342/      --  |157|96|59|2|推 | 12/21 10:23|Mentha      | 我是認真覺得老鷹教練至少偶爾還願意開綠燈
54|https://www.ptt.cc/bbs/NBA/M.1545356424.A.572.html|Fri Dec 21 09:40:21 2018|[新聞] 林書豪交易傳聞再起 　奧蘭多魔術有興趣|Gotham (萬惡之城)|101.137.101.35|  林書豪交易傳聞再起 　奧蘭多魔術有興趣      林書豪日前傳聞交易到西區球隊破局，今天又傳出魔術對林書豪有興趣。    根據消息，林書豪在黃蜂隊擔任教練的克里夫Steve Clifford，目前是魔術總教練，推測  是對林書豪表達興趣因素之一。本季林書豪在老鷹出賽26場，場均10.8分和3.1次助攻，  今年是他合約最後一年，年薪1200萬美元(約3.7億台幣)，老鷹本季打算擺爛，林書豪未  能配合球隊政策，遭懷疑是傳出交易主因。    林書豪NBA生涯從2010年開始，至今已待過7支球隊。    (陳國偉／綜合報導)    新聞網址  https://tw.sports.appledaily.com/realtime/20181221/1487342/      --  |157|96|59|2|→ | 12/21 10:24|Mentha      | Lin基本上一定教練開綠燈才打得開的
55|https://www.ptt.cc/bbs/NBA/M.1545356424.A.572.html|Fri Dec 21 09:40:21 2018|[新聞] 林書豪交易傳聞再起 　奧蘭多魔術有興趣|Gotham (萬惡之城)|101.137.101.35|  林書豪交易傳聞再起 　奧蘭多魔術有興趣      林書豪日前傳聞交易到西區球隊破局，今天又傳出魔術對林書豪有興趣。    根據消息，林書豪在黃蜂隊擔任教練的克里夫Steve Clifford，目前是魔術總教練，推測  是對林書豪表達興趣因素之一。本季林書豪在老鷹出賽26場，場均10.8分和3.1次助攻，  今年是他合約最後一年，年薪1200萬美元(約3.7億台幣)，老鷹本季打算擺爛，林書豪未  能配合球隊政策，遭懷疑是傳出交易主因。    林書豪NBA生涯從2010年開始，至今已待過7支球隊。    (陳國偉／綜合報導)    新聞網址  https://tw.sports.appledaily.com/realtime/20181221/1487342/      --  |157|96|59|2|→ | 12/21 10:24|Mentha      | 現在能夠偶爾得到綠燈刷個數據
56|https://www.ptt.cc/bbs/NBA/M.1545356424.A.572.html|Fri Dec 21 09:40:21 2018|[新聞] 林書豪交易傳聞再起 　奧蘭多魔術有興趣|Gotham (萬惡之城)|101.137.101.35|  林書豪交易傳聞再起 　奧蘭多魔術有興趣      林書豪日前傳聞交易到西區球隊破局，今天又傳出魔術對林書豪有興趣。    根據消息，林書豪在黃蜂隊擔任教練的克里夫Steve Clifford，目前是魔術總教練，推測  是對林書豪表達興趣因素之一。本季林書豪在老鷹出賽26場，場均10.8分和3.1次助攻，  今年是他合約最後一年，年薪1200萬美元(約3.7億台幣)，老鷹本季打算擺爛，林書豪未  能配合球隊政策，遭懷疑是傳出交易主因。    林書豪NBA生涯從2010年開始，至今已待過7支球隊。    (陳國偉／綜合報導)    新聞網址  https://tw.sports.appledaily.com/realtime/20181221/1487342/      --  |157|96|59|2|噓 | 12/21 10:24|hopward     | 哪裡都比老鷹好==
57|https://www.ptt.cc/bbs/NBA/M.1545356424.A.572.html|Fri Dec 21 09:40:21 2018|[新聞] 林書豪交易傳聞再起 　奧蘭多魔術有興趣|Gotham (萬惡之城)|101.137.101.35|  林書豪交易傳聞再起 　奧蘭多魔術有興趣      林書豪日前傳聞交易到西區球隊破局，今天又傳出魔術對林書豪有興趣。    根據消息，林書豪在黃蜂隊擔任教練的克里夫Steve Clifford，目前是魔術總教練，推測  是對林書豪表達興趣因素之一。本季林書豪在老鷹出賽26場，場均10.8分和3.1次助攻，  今年是他合約最後一年，年薪1200萬美元(約3.7億台幣)，老鷹本季打算擺爛，林書豪未  能配合球隊政策，遭懷疑是傳出交易主因。    林書豪NBA生涯從2010年開始，至今已待過7支球隊。    (陳國偉／綜合報導)    新聞網址  https://tw.sports.appledaily.com/realtime/20181221/1487342/      --  |157|96|59|2|→ | 12/21 10:24|Mentha      | 讓大家覺得明年簽來打個替補戰力還行 就目標成功了
58|https://www.ptt.cc/bbs/NBA/M.1545356424.A.572.html|Fri Dec 21 09:40:21 2018|[新聞] 林書豪交易傳聞再起 　奧蘭多魔術有興趣|Gotham (萬惡之城)|101.137.101.35|  林書豪交易傳聞再起 　奧蘭多魔術有興趣      林書豪日前傳聞交易到西區球隊破局，今天又傳出魔術對林書豪有興趣。    根據消息，林書豪在黃蜂隊擔任教練的克里夫Steve Clifford，目前是魔術總教練，推測  是對林書豪表達興趣因素之一。本季林書豪在老鷹出賽26場，場均10.8分和3.1次助攻，  今年是他合約最後一年，年薪1200萬美元(約3.7億台幣)，老鷹本季打算擺爛，林書豪未  能配合球隊政策，遭懷疑是傳出交易主因。    林書豪NBA生涯從2010年開始，至今已待過7支球隊。    (陳國偉／綜合報導)    新聞網址  https://tw.sports.appledaily.com/realtime/20181221/1487342/      --  |157|96|59|2|→ | 12/21 10:24|TimmyJiang  | 果然是草莓獸的好兄弟，又可以穿上同件球衣了(湖人
59|https://www.ptt.cc/bbs/NBA/M.1545356424.A.572.html|Fri Dec 21 09:40:21 2018|[新聞] 林書豪交易傳聞再起 　奧蘭多魔術有興趣|Gotham (萬惡之城)|101.137.101.35|  林書豪交易傳聞再起 　奧蘭多魔術有興趣      林書豪日前傳聞交易到西區球隊破局，今天又傳出魔術對林書豪有興趣。    根據消息，林書豪在黃蜂隊擔任教練的克里夫Steve Clifford，目前是魔術總教練，推測  是對林書豪表達興趣因素之一。本季林書豪在老鷹出賽26場，場均10.8分和3.1次助攻，  今年是他合約最後一年，年薪1200萬美元(約3.7億台幣)，老鷹本季打算擺爛，林書豪未  能配合球隊政策，遭懷疑是傳出交易主因。    林書豪NBA生涯從2010年開始，至今已待過7支球隊。    (陳國偉／綜合報導)    新聞網址  https://tw.sports.appledaily.com/realtime/20181221/1487342/      --  |157|96|59|2|→ | 12/21 10:24|TimmyJiang  | 、老鷹、黃蜂、火箭、籃網、魔術)
60|https://www.ptt.cc/bbs/NBA/M.1545356424.A.572.html|Fri Dec 21 09:40:21 2018|[新聞] 林書豪交易傳聞再起 　奧蘭多魔術有興趣|Gotham (萬惡之城)|101.137.101.35|  林書豪交易傳聞再起 　奧蘭多魔術有興趣      林書豪日前傳聞交易到西區球隊破局，今天又傳出魔術對林書豪有興趣。    根據消息，林書豪在黃蜂隊擔任教練的克里夫Steve Clifford，目前是魔術總教練，推測  是對林書豪表達興趣因素之一。本季林書豪在老鷹出賽26場，場均10.8分和3.1次助攻，  今年是他合約最後一年，年薪1200萬美元(約3.7億台幣)，老鷹本季打算擺爛，林書豪未  能配合球隊政策，遭懷疑是傳出交易主因。    林書豪NBA生涯從2010年開始，至今已待過7支球隊。    (陳國偉／綜合報導)    新聞網址  https://tw.sports.appledaily.com/realtime/20181221/1487342/      --  |157|96|59|2|→ | 12/21 10:25|Mentha      | 阿現在本來就是球隊要不要你不是你有資格選球隊了
61|https://www.ptt.cc/bbs/NBA/M.1545356424.A.572.html|Fri Dec 21 09:40:21 2018|[新聞] 林書豪交易傳聞再起 　奧蘭多魔術有興趣|Gotham (萬惡之城)|101.137.101.35|  林書豪交易傳聞再起 　奧蘭多魔術有興趣      林書豪日前傳聞交易到西區球隊破局，今天又傳出魔術對林書豪有興趣。    根據消息，林書豪在黃蜂隊擔任教練的克里夫Steve Clifford，目前是魔術總教練，推測  是對林書豪表達興趣因素之一。本季林書豪在老鷹出賽26場，場均10.8分和3.1次助攻，  今年是他合約最後一年，年薪1200萬美元(約3.7億台幣)，老鷹本季打算擺爛，林書豪未  能配合球隊政策，遭懷疑是傳出交易主因。    林書豪NBA生涯從2010年開始，至今已待過7支球隊。    (陳國偉／綜合報導)    新聞網址  https://tw.sports.appledaily.com/realtime/20181221/1487342/      --  |157|96|59|2|→ | 12/21 10:25|TimmyJiang  | 什麼時候要去巫師當牆哥替補
62|https://www.ptt.cc/bbs/NBA/M.1545356424.A.572.html|Fri Dec 21 09:40:21 2018|[新聞] 林書豪交易傳聞再起 　奧蘭多魔術有興趣|Gotham (萬惡之城)|101.137.101.35|  林書豪交易傳聞再起 　奧蘭多魔術有興趣      林書豪日前傳聞交易到西區球隊破局，今天又傳出魔術對林書豪有興趣。    根據消息，林書豪在黃蜂隊擔任教練的克里夫Steve Clifford，目前是魔術總教練，推測  是對林書豪表達興趣因素之一。本季林書豪在老鷹出賽26場，場均10.8分和3.1次助攻，  今年是他合約最後一年，年薪1200萬美元(約3.7億台幣)，老鷹本季打算擺爛，林書豪未  能配合球隊政策，遭懷疑是傳出交易主因。    林書豪NBA生涯從2010年開始，至今已待過7支球隊。    (陳國偉／綜合報導)    新聞網址  https://tw.sports.appledaily.com/realtime/20181221/1487342/      --  |157|96|59|2|→ | 12/21 10:25|Mentha      | 誰會在那邊喊哪裡都比XX好根本是浪費時間
63|https://www.ptt.cc/bbs/NBA/M.1545356424.A.572.html|Fri Dec 21 09:40:21 2018|[新聞] 林書豪交易傳聞再起 　奧蘭多魔術有興趣|Gotham (萬惡之城)|101.137.101.35|  林書豪交易傳聞再起 　奧蘭多魔術有興趣      林書豪日前傳聞交易到西區球隊破局，今天又傳出魔術對林書豪有興趣。    根據消息，林書豪在黃蜂隊擔任教練的克里夫Steve Clifford，目前是魔術總教練，推測  是對林書豪表達興趣因素之一。本季林書豪在老鷹出賽26場，場均10.8分和3.1次助攻，  今年是他合約最後一年，年薪1200萬美元(約3.7億台幣)，老鷹本季打算擺爛，林書豪未  能配合球隊政策，遭懷疑是傳出交易主因。    林書豪NBA生涯從2010年開始，至今已待過7支球隊。    (陳國偉／綜合報導)    新聞網址  https://tw.sports.appledaily.com/realtime/20181221/1487342/      --  |157|96|59|2|→ | 12/21 10:25|Mentha      | 別吧..牆哥不太喜歡Lin
64|https://www.ptt.cc/bbs/NBA/M.1545356424.A.572.html|Fri Dec 21 09:40:21 2018|[新聞] 林書豪交易傳聞再起 　奧蘭多魔術有興趣|Gotham (萬惡之城)|101.137.101.35|  林書豪交易傳聞再起 　奧蘭多魔術有興趣      林書豪日前傳聞交易到西區球隊破局，今天又傳出魔術對林書豪有興趣。    根據消息，林書豪在黃蜂隊擔任教練的克里夫Steve Clifford，目前是魔術總教練，推測  是對林書豪表達興趣因素之一。本季林書豪在老鷹出賽26場，場均10.8分和3.1次助攻，  今年是他合約最後一年，年薪1200萬美元(約3.7億台幣)，老鷹本季打算擺爛，林書豪未  能配合球隊政策，遭懷疑是傳出交易主因。    林書豪NBA生涯從2010年開始，至今已待過7支球隊。    (陳國偉／綜合報導)    新聞網址  https://tw.sports.appledaily.com/realtime/20181221/1487342/      --  |157|96|59|2|推 | 12/21 10:26|ppo7741     | 魔術有缺控衛嗎？
65|https://www.ptt.cc/bbs/NBA/M.1545356424.A.572.html|Fri Dec 21 09:40:21 2018|[新聞] 林書豪交易傳聞再起 　奧蘭多魔術有興趣|Gotham (萬惡之城)|101.137.101.35|  林書豪交易傳聞再起 　奧蘭多魔術有興趣      林書豪日前傳聞交易到西區球隊破局，今天又傳出魔術對林書豪有興趣。    根據消息，林書豪在黃蜂隊擔任教練的克里夫Steve Clifford，目前是魔術總教練，推測  是對林書豪表達興趣因素之一。本季林書豪在老鷹出賽26場，場均10.8分和3.1次助攻，  今年是他合約最後一年，年薪1200萬美元(約3.7億台幣)，老鷹本季打算擺爛，林書豪未  能配合球隊政策，遭懷疑是傳出交易主因。    林書豪NBA生涯從2010年開始，至今已待過7支球隊。    (陳國偉／綜合報導)    新聞網址  https://tw.sports.appledaily.com/realtime/20181221/1487342/      --  |157|96|59|2|推 | 12/21 10:26|kayashiba   | 魔術林太好笑了
66|https://www.ptt.cc/bbs/NBA/M.1545356424.A.572.html|Fri Dec 21 09:40:21 2018|[新聞] 林書豪交易傳聞再起 　奧蘭多魔術有興趣|Gotham (萬惡之城)|101.137.101.35|  林書豪交易傳聞再起 　奧蘭多魔術有興趣      林書豪日前傳聞交易到西區球隊破局，今天又傳出魔術對林書豪有興趣。    根據消息，林書豪在黃蜂隊擔任教練的克里夫Steve Clifford，目前是魔術總教練，推測  是對林書豪表達興趣因素之一。本季林書豪在老鷹出賽26場，場均10.8分和3.1次助攻，  今年是他合約最後一年，年薪1200萬美元(約3.7億台幣)，老鷹本季打算擺爛，林書豪未  能配合球隊政策，遭懷疑是傳出交易主因。    林書豪NBA生涯從2010年開始，至今已待過7支球隊。    (陳國偉／綜合報導)    新聞網址  https://tw.sports.appledaily.com/realtime/20181221/1487342/      --  |157|96|59|2|推 | 12/21 10:30|Satsuki7552 | 想看林書豪再跟Clifford配合
67|https://www.ptt.cc/bbs/NBA/M.1545356424.A.572.html|Fri Dec 21 09:40:21 2018|[新聞] 林書豪交易傳聞再起 　奧蘭多魔術有興趣|Gotham (萬惡之城)|101.137.101.35|  林書豪交易傳聞再起 　奧蘭多魔術有興趣      林書豪日前傳聞交易到西區球隊破局，今天又傳出魔術對林書豪有興趣。    根據消息，林書豪在黃蜂隊擔任教練的克里夫Steve Clifford，目前是魔術總教練，推測  是對林書豪表達興趣因素之一。本季林書豪在老鷹出賽26場，場均10.8分和3.1次助攻，  今年是他合約最後一年，年薪1200萬美元(約3.7億台幣)，老鷹本季打算擺爛，林書豪未  能配合球隊政策，遭懷疑是傳出交易主因。    林書豪NBA生涯從2010年開始，至今已待過7支球隊。    (陳國偉／綜合報導)    新聞網址  https://tw.sports.appledaily.com/realtime/20181221/1487342/      --  |157|96|59|2|推 | 12/21 10:32|dragon803   | 去魔術不錯阿~，不過等看一下有沒有後續消息就是了
68|https://www.ptt.cc/bbs/NBA/M.1545356424.A.572.html|Fri Dec 21 09:40:21 2018|[新聞] 林書豪交易傳聞再起 　奧蘭多魔術有興趣|Gotham (萬惡之城)|101.137.101.35|  林書豪交易傳聞再起 　奧蘭多魔術有興趣      林書豪日前傳聞交易到西區球隊破局，今天又傳出魔術對林書豪有興趣。    根據消息，林書豪在黃蜂隊擔任教練的克里夫Steve Clifford，目前是魔術總教練，推測  是對林書豪表達興趣因素之一。本季林書豪在老鷹出賽26場，場均10.8分和3.1次助攻，  今年是他合約最後一年，年薪1200萬美元(約3.7億台幣)，老鷹本季打算擺爛，林書豪未  能配合球隊政策，遭懷疑是傳出交易主因。    林書豪NBA生涯從2010年開始，至今已待過7支球隊。    (陳國偉／綜合報導)    新聞網址  https://tw.sports.appledaily.com/realtime/20181221/1487342/      --  |157|96|59|2|推 | 12/21 10:32|kunkenny    | 拜託快來！
69|https://www.ptt.cc/bbs/NBA/M.1545356424.A.572.html|Fri Dec 21 09:40:21 2018|[新聞] 林書豪交易傳聞再起 　奧蘭多魔術有興趣|Gotham (萬惡之城)|101.137.101.35|  林書豪交易傳聞再起 　奧蘭多魔術有興趣      林書豪日前傳聞交易到西區球隊破局，今天又傳出魔術對林書豪有興趣。    根據消息，林書豪在黃蜂隊擔任教練的克里夫Steve Clifford，目前是魔術總教練，推測  是對林書豪表達興趣因素之一。本季林書豪在老鷹出賽26場，場均10.8分和3.1次助攻，  今年是他合約最後一年，年薪1200萬美元(約3.7億台幣)，老鷹本季打算擺爛，林書豪未  能配合球隊政策，遭懷疑是傳出交易主因。    林書豪NBA生涯從2010年開始，至今已待過7支球隊。    (陳國偉／綜合報導)    新聞網址  https://tw.sports.appledaily.com/realtime/20181221/1487342/      --  |157|96|59|2|→ | 12/21 10:33|dragon803   | 然後不要再說什麼不配合擺爛政策了，這真的是秀下
70|https://www.ptt.cc/bbs/NBA/M.1545356424.A.572.html|Fri Dec 21 09:40:21 2018|[新聞] 林書豪交易傳聞再起 　奧蘭多魔術有興趣|Gotham (萬惡之城)|101.137.101.35|  林書豪交易傳聞再起 　奧蘭多魔術有興趣      林書豪日前傳聞交易到西區球隊破局，今天又傳出魔術對林書豪有興趣。    根據消息，林書豪在黃蜂隊擔任教練的克里夫Steve Clifford，目前是魔術總教練，推測  是對林書豪表達興趣因素之一。本季林書豪在老鷹出賽26場，場均10.8分和3.1次助攻，  今年是他合約最後一年，年薪1200萬美元(約3.7億台幣)，老鷹本季打算擺爛，林書豪未  能配合球隊政策，遭懷疑是傳出交易主因。    林書豪NBA生涯從2010年開始，至今已待過7支球隊。    (陳國偉／綜合報導)    新聞網址  https://tw.sports.appledaily.com/realtime/20181221/1487342/      --  |157|96|59|2|→ | 12/21 10:33|dragon803   | 限用的藉口，教練明明第四節給他打還是有做戰術給他
71|https://www.ptt.cc/bbs/NBA/M.1545356424.A.572.html|Fri Dec 21 09:40:21 2018|[新聞] 林書豪交易傳聞再起 　奧蘭多魔術有興趣|Gotham (萬惡之城)|101.137.101.35|  林書豪交易傳聞再起 　奧蘭多魔術有興趣      林書豪日前傳聞交易到西區球隊破局，今天又傳出魔術對林書豪有興趣。    根據消息，林書豪在黃蜂隊擔任教練的克里夫Steve Clifford，目前是魔術總教練，推測  是對林書豪表達興趣因素之一。本季林書豪在老鷹出賽26場，場均10.8分和3.1次助攻，  今年是他合約最後一年，年薪1200萬美元(約3.7億台幣)，老鷹本季打算擺爛，林書豪未  能配合球隊政策，遭懷疑是傳出交易主因。    林書豪NBA生涯從2010年開始，至今已待過7支球隊。    (陳國偉／綜合報導)    新聞網址  https://tw.sports.appledaily.com/realtime/20181221/1487342/      --  |157|96|59|2|→ | 12/21 10:33|dragon803   | ，平常還是會在他上場的時候叫他來旁邊講怎麼打，
72|https://www.ptt.cc/bbs/NBA/M.1545356424.A.572.html|Fri Dec 21 09:40:21 2018|[新聞] 林書豪交易傳聞再起 　奧蘭多魔術有興趣|Gotham (萬惡之城)|101.137.101.35|  林書豪交易傳聞再起 　奧蘭多魔術有興趣      林書豪日前傳聞交易到西區球隊破局，今天又傳出魔術對林書豪有興趣。    根據消息，林書豪在黃蜂隊擔任教練的克里夫Steve Clifford，目前是魔術總教練，推測  是對林書豪表達興趣因素之一。本季林書豪在老鷹出賽26場，場均10.8分和3.1次助攻，  今年是他合約最後一年，年薪1200萬美元(約3.7億台幣)，老鷹本季打算擺爛，林書豪未  能配合球隊政策，遭懷疑是傳出交易主因。    林書豪NBA生涯從2010年開始，至今已待過7支球隊。    (陳國偉／綜合報導)    新聞網址  https://tw.sports.appledaily.com/realtime/20181221/1487342/      --  |157|96|59|2|→ | 12/21 10:33|dragon803   | 不配合擺爛到底是啥.....
73|https://www.ptt.cc/bbs/NBA/M.1545356424.A.572.html|Fri Dec 21 09:40:21 2018|[新聞] 林書豪交易傳聞再起 　奧蘭多魔術有興趣|Gotham (萬惡之城)|101.137.101.35|  林書豪交易傳聞再起 　奧蘭多魔術有興趣      林書豪日前傳聞交易到西區球隊破局，今天又傳出魔術對林書豪有興趣。    根據消息，林書豪在黃蜂隊擔任教練的克里夫Steve Clifford，目前是魔術總教練，推測  是對林書豪表達興趣因素之一。本季林書豪在老鷹出賽26場，場均10.8分和3.1次助攻，  今年是他合約最後一年，年薪1200萬美元(約3.7億台幣)，老鷹本季打算擺爛，林書豪未  能配合球隊政策，遭懷疑是傳出交易主因。    林書豪NBA生涯從2010年開始，至今已待過7支球隊。    (陳國偉／綜合報導)    新聞網址  https://tw.sports.appledaily.com/realtime/20181221/1487342/      --  |157|96|59|2|→ | 12/21 10:34|dragon803   | 我可以很直接的說林書豪是Pierce教練執教以來第一
74|https://www.ptt.cc/bbs/NBA/M.1545356424.A.572.html|Fri Dec 21 09:40:21 2018|[新聞] 林書豪交易傳聞再起 　奧蘭多魔術有興趣|Gotham (萬惡之城)|101.137.101.35|  林書豪交易傳聞再起 　奧蘭多魔術有興趣      林書豪日前傳聞交易到西區球隊破局，今天又傳出魔術對林書豪有興趣。    根據消息，林書豪在黃蜂隊擔任教練的克里夫Steve Clifford，目前是魔術總教練，推測  是對林書豪表達興趣因素之一。本季林書豪在老鷹出賽26場，場均10.8分和3.1次助攻，  今年是他合約最後一年，年薪1200萬美元(約3.7億台幣)，老鷹本季打算擺爛，林書豪未  能配合球隊政策，遭懷疑是傳出交易主因。    林書豪NBA生涯從2010年開始，至今已待過7支球隊。    (陳國偉／綜合報導)    新聞網址  https://tw.sports.appledaily.com/realtime/20181221/1487342/      --  |157|96|59|2|→ | 12/21 10:34|dragon803   | 個用的中生代好菜無誤，這個他真的最不用煩惱了
75|https://www.ptt.cc/bbs/NBA/M.1545356424.A.572.html|Fri Dec 21 09:40:21 2018|[新聞] 林書豪交易傳聞再起 　奧蘭多魔術有興趣|Gotham (萬惡之城)|101.137.101.35|  林書豪交易傳聞再起 　奧蘭多魔術有興趣      林書豪日前傳聞交易到西區球隊破局，今天又傳出魔術對林書豪有興趣。    根據消息，林書豪在黃蜂隊擔任教練的克里夫Steve Clifford，目前是魔術總教練，推測  是對林書豪表達興趣因素之一。本季林書豪在老鷹出賽26場，場均10.8分和3.1次助攻，  今年是他合約最後一年，年薪1200萬美元(約3.7億台幣)，老鷹本季打算擺爛，林書豪未  能配合球隊政策，遭懷疑是傳出交易主因。    林書豪NBA生涯從2010年開始，至今已待過7支球隊。    (陳國偉／綜合報導)    新聞網址  https://tw.sports.appledaily.com/realtime/20181221/1487342/      --  |157|96|59|2|→ | 12/21 10:34|cary871015  | 哪裡梗用不膩啊，有夠無聊
76|https://www.ptt.cc/bbs/NBA/M.1545356424.A.572.html|Fri Dec 21 09:40:21 2018|[新聞] 林書豪交易傳聞再起 　奧蘭多魔術有興趣|Gotham (萬惡之城)|101.137.101.35|  林書豪交易傳聞再起 　奧蘭多魔術有興趣      林書豪日前傳聞交易到西區球隊破局，今天又傳出魔術對林書豪有興趣。    根據消息，林書豪在黃蜂隊擔任教練的克里夫Steve Clifford，目前是魔術總教練，推測  是對林書豪表達興趣因素之一。本季林書豪在老鷹出賽26場，場均10.8分和3.1次助攻，  今年是他合約最後一年，年薪1200萬美元(約3.7億台幣)，老鷹本季打算擺爛，林書豪未  能配合球隊政策，遭懷疑是傳出交易主因。    林書豪NBA生涯從2010年開始，至今已待過7支球隊。    (陳國偉／綜合報導)    新聞網址  https://tw.sports.appledaily.com/realtime/20181221/1487342/      --  |157|96|59|2|推 | 12/21 10:36|DPP48       | 又要轉型緯來魔術台了嗎
77|https://www.ptt.cc/bbs/NBA/M.1545356424.A.572.html|Fri Dec 21 09:40:21 2018|[新聞] 林書豪交易傳聞再起 　奧蘭多魔術有興趣|Gotham (萬惡之城)|101.137.101.35|  林書豪交易傳聞再起 　奧蘭多魔術有興趣      林書豪日前傳聞交易到西區球隊破局，今天又傳出魔術對林書豪有興趣。    根據消息，林書豪在黃蜂隊擔任教練的克里夫Steve Clifford，目前是魔術總教練，推測  是對林書豪表達興趣因素之一。本季林書豪在老鷹出賽26場，場均10.8分和3.1次助攻，  今年是他合約最後一年，年薪1200萬美元(約3.7億台幣)，老鷹本季打算擺爛，林書豪未  能配合球隊政策，遭懷疑是傳出交易主因。    林書豪NBA生涯從2010年開始，至今已待過7支球隊。    (陳國偉／綜合報導)    新聞網址  https://tw.sports.appledaily.com/realtime/20181221/1487342/      --  |157|96|59|2|→ | 12/21 10:37|pubfire     | 魔術有機會拼季後 感覺會試一把
78|https://www.ptt.cc/bbs/NBA/M.1545356424.A.572.html|Fri Dec 21 09:40:21 2018|[新聞] 林書豪交易傳聞再起 　奧蘭多魔術有興趣|Gotham (萬惡之城)|101.137.101.35|  林書豪交易傳聞再起 　奧蘭多魔術有興趣      林書豪日前傳聞交易到西區球隊破局，今天又傳出魔術對林書豪有興趣。    根據消息，林書豪在黃蜂隊擔任教練的克里夫Steve Clifford，目前是魔術總教練，推測  是對林書豪表達興趣因素之一。本季林書豪在老鷹出賽26場，場均10.8分和3.1次助攻，  今年是他合約最後一年，年薪1200萬美元(約3.7億台幣)，老鷹本季打算擺爛，林書豪未  能配合球隊政策，遭懷疑是傳出交易主因。    林書豪NBA生涯從2010年開始，至今已待過7支球隊。    (陳國偉／綜合報導)    新聞網址  https://tw.sports.appledaily.com/realtime/20181221/1487342/      --  |157|96|59|2|推 | 12/21 10:38|peter229    | 蠻好奇台灣這些體育新聞的消息來源都哪裡來的 ㄏㄏ
79|https://www.ptt.cc/bbs/NBA/M.1545356424.A.572.html|Fri Dec 21 09:40:21 2018|[新聞] 林書豪交易傳聞再起 　奧蘭多魔術有興趣|Gotham (萬惡之城)|101.137.101.35|  林書豪交易傳聞再起 　奧蘭多魔術有興趣      林書豪日前傳聞交易到西區球隊破局，今天又傳出魔術對林書豪有興趣。    根據消息，林書豪在黃蜂隊擔任教練的克里夫Steve Clifford，目前是魔術總教練，推測  是對林書豪表達興趣因素之一。本季林書豪在老鷹出賽26場，場均10.8分和3.1次助攻，  今年是他合約最後一年，年薪1200萬美元(約3.7億台幣)，老鷹本季打算擺爛，林書豪未  能配合球隊政策，遭懷疑是傳出交易主因。    林書豪NBA生涯從2010年開始，至今已待過7支球隊。    (陳國偉／綜合報導)    新聞網址  https://tw.sports.appledaily.com/realtime/20181221/1487342/      --  |157|96|59|2|推 | 12/21 10:38|probity     | 推1樓有創意
80|https://www.ptt.cc/bbs/NBA/M.1545356424.A.572.html|Fri Dec 21 09:40:21 2018|[新聞] 林書豪交易傳聞再起 　奧蘭多魔術有興趣|Gotham (萬惡之城)|101.137.101.35|  林書豪交易傳聞再起 　奧蘭多魔術有興趣      林書豪日前傳聞交易到西區球隊破局，今天又傳出魔術對林書豪有興趣。    根據消息，林書豪在黃蜂隊擔任教練的克里夫Steve Clifford，目前是魔術總教練，推測  是對林書豪表達興趣因素之一。本季林書豪在老鷹出賽26場，場均10.8分和3.1次助攻，  今年是他合約最後一年，年薪1200萬美元(約3.7億台幣)，老鷹本季打算擺爛，林書豪未  能配合球隊政策，遭懷疑是傳出交易主因。    林書豪NBA生涯從2010年開始，至今已待過7支球隊。    (陳國偉／綜合報導)    新聞網址  https://tw.sports.appledaily.com/realtime/20181221/1487342/      --  |157|96|59|2|推 | 12/21 10:38|kirchize    | 魔術迷 舉手歡迎~~~~
81|https://www.ptt.cc/bbs/NBA/M.1545356424.A.572.html|Fri Dec 21 09:40:21 2018|[新聞] 林書豪交易傳聞再起 　奧蘭多魔術有興趣|Gotham (萬惡之城)|101.137.101.35|  林書豪交易傳聞再起 　奧蘭多魔術有興趣      林書豪日前傳聞交易到西區球隊破局，今天又傳出魔術對林書豪有興趣。    根據消息，林書豪在黃蜂隊擔任教練的克里夫Steve Clifford，目前是魔術總教練，推測  是對林書豪表達興趣因素之一。本季林書豪在老鷹出賽26場，場均10.8分和3.1次助攻，  今年是他合約最後一年，年薪1200萬美元(約3.7億台幣)，老鷹本季打算擺爛，林書豪未  能配合球隊政策，遭懷疑是傳出交易主因。    林書豪NBA生涯從2010年開始，至今已待過7支球隊。    (陳國偉／綜合報導)    新聞網址  https://tw.sports.appledaily.com/realtime/20181221/1487342/      --  |157|96|59|2|→ | 12/21 10:39|kirchize    | 借轉 我家沒PG版
82|https://www.ptt.cc/bbs/NBA/M.1545356424.A.572.html|Fri Dec 21 09:40:21 2018|[新聞] 林書豪交易傳聞再起 　奧蘭多魔術有興趣|Gotham (萬惡之城)|101.137.101.35|  林書豪交易傳聞再起 　奧蘭多魔術有興趣      林書豪日前傳聞交易到西區球隊破局，今天又傳出魔術對林書豪有興趣。    根據消息，林書豪在黃蜂隊擔任教練的克里夫Steve Clifford，目前是魔術總教練，推測  是對林書豪表達興趣因素之一。本季林書豪在老鷹出賽26場，場均10.8分和3.1次助攻，  今年是他合約最後一年，年薪1200萬美元(約3.7億台幣)，老鷹本季打算擺爛，林書豪未  能配合球隊政策，遭懷疑是傳出交易主因。    林書豪NBA生涯從2010年開始，至今已待過7支球隊。    (陳國偉／綜合報導)    新聞網址  https://tw.sports.appledaily.com/realtime/20181221/1487342/      --  |157|96|59|2|推 | 12/21 10:41|jack0216    | 推魔術林
83|https://www.ptt.cc/bbs/NBA/M.1545356424.A.572.html|Fri Dec 21 09:40:21 2018|[新聞] 林書豪交易傳聞再起 　奧蘭多魔術有興趣|Gotham (萬惡之城)|101.137.101.35|  林書豪交易傳聞再起 　奧蘭多魔術有興趣      林書豪日前傳聞交易到西區球隊破局，今天又傳出魔術對林書豪有興趣。    根據消息，林書豪在黃蜂隊擔任教練的克里夫Steve Clifford，目前是魔術總教練，推測  是對林書豪表達興趣因素之一。本季林書豪在老鷹出賽26場，場均10.8分和3.1次助攻，  今年是他合約最後一年，年薪1200萬美元(約3.7億台幣)，老鷹本季打算擺爛，林書豪未  能配合球隊政策，遭懷疑是傳出交易主因。    林書豪NBA生涯從2010年開始，至今已待過7支球隊。    (陳國偉／綜合報導)    新聞網址  https://tw.sports.appledaily.com/realtime/20181221/1487342/      --  |157|96|59|2|推 | 12/21 10:44|nuggets0916 | 緯來:
84|https://www.ptt.cc/bbs/NBA/M.1545356424.A.572.html|Fri Dec 21 09:40:21 2018|[新聞] 林書豪交易傳聞再起 　奧蘭多魔術有興趣|Gotham (萬惡之城)|101.137.101.35|  林書豪交易傳聞再起 　奧蘭多魔術有興趣      林書豪日前傳聞交易到西區球隊破局，今天又傳出魔術對林書豪有興趣。    根據消息，林書豪在黃蜂隊擔任教練的克里夫Steve Clifford，目前是魔術總教練，推測  是對林書豪表達興趣因素之一。本季林書豪在老鷹出賽26場，場均10.8分和3.1次助攻，  今年是他合約最後一年，年薪1200萬美元(約3.7億台幣)，老鷹本季打算擺爛，林書豪未  能配合球隊政策，遭懷疑是傳出交易主因。    林書豪NBA生涯從2010年開始，至今已待過7支球隊。    (陳國偉／綜合報導)    新聞網址  https://tw.sports.appledaily.com/realtime/20181221/1487342/      --  |157|96|59|2|推 | 12/21 10:45|kojimoon    | 我林入魔
85|https://www.ptt.cc/bbs/NBA/M.1545356424.A.572.html|Fri Dec 21 09:40:21 2018|[新聞] 林書豪交易傳聞再起 　奧蘭多魔術有興趣|Gotham (萬惡之城)|101.137.101.35|  林書豪交易傳聞再起 　奧蘭多魔術有興趣      林書豪日前傳聞交易到西區球隊破局，今天又傳出魔術對林書豪有興趣。    根據消息，林書豪在黃蜂隊擔任教練的克里夫Steve Clifford，目前是魔術總教練，推測  是對林書豪表達興趣因素之一。本季林書豪在老鷹出賽26場，場均10.8分和3.1次助攻，  今年是他合約最後一年，年薪1200萬美元(約3.7億台幣)，老鷹本季打算擺爛，林書豪未  能配合球隊政策，遭懷疑是傳出交易主因。    林書豪NBA生涯從2010年開始，至今已待過7支球隊。    (陳國偉／綜合報導)    新聞網址  https://tw.sports.appledaily.com/realtime/20181221/1487342/      --  |157|96|59|2|推 | 12/21 10:46|conqueror507| 好幾年前就想要林去魔術了，但是別受傷
86|https://www.ptt.cc/bbs/NBA/M.1545356424.A.572.html|Fri Dec 21 09:40:21 2018|[新聞] 林書豪交易傳聞再起 　奧蘭多魔術有興趣|Gotham (萬惡之城)|101.137.101.35|  林書豪交易傳聞再起 　奧蘭多魔術有興趣      林書豪日前傳聞交易到西區球隊破局，今天又傳出魔術對林書豪有興趣。    根據消息，林書豪在黃蜂隊擔任教練的克里夫Steve Clifford，目前是魔術總教練，推測  是對林書豪表達興趣因素之一。本季林書豪在老鷹出賽26場，場均10.8分和3.1次助攻，  今年是他合約最後一年，年薪1200萬美元(約3.7億台幣)，老鷹本季打算擺爛，林書豪未  能配合球隊政策，遭懷疑是傳出交易主因。    林書豪NBA生涯從2010年開始，至今已待過7支球隊。    (陳國偉／綜合報導)    新聞網址  https://tw.sports.appledaily.com/realtime/20181221/1487342/      --  |157|96|59|2|→ | 12/21 10:47|littlehouse | 健康+給球打，哪隊都行
87|https://www.ptt.cc/bbs/NBA/M.1545356424.A.572.html|Fri Dec 21 09:40:21 2018|[新聞] 林書豪交易傳聞再起 　奧蘭多魔術有興趣|Gotham (萬惡之城)|101.137.101.35|  林書豪交易傳聞再起 　奧蘭多魔術有興趣      林書豪日前傳聞交易到西區球隊破局，今天又傳出魔術對林書豪有興趣。    根據消息，林書豪在黃蜂隊擔任教練的克里夫Steve Clifford，目前是魔術總教練，推測  是對林書豪表達興趣因素之一。本季林書豪在老鷹出賽26場，場均10.8分和3.1次助攻，  今年是他合約最後一年，年薪1200萬美元(約3.7億台幣)，老鷹本季打算擺爛，林書豪未  能配合球隊政策，遭懷疑是傳出交易主因。    林書豪NBA生涯從2010年開始，至今已待過7支球隊。    (陳國偉／綜合報導)    新聞網址  https://tw.sports.appledaily.com/realtime/20181221/1487342/      --  |157|96|59|2|推 | 12/21 10:47|zakijudelo  | 一樓有梗XD
88|https://www.ptt.cc/bbs/NBA/M.1545356424.A.572.html|Fri Dec 21 09:40:21 2018|[新聞] 林書豪交易傳聞再起 　奧蘭多魔術有興趣|Gotham (萬惡之城)|101.137.101.35|  林書豪交易傳聞再起 　奧蘭多魔術有興趣      林書豪日前傳聞交易到西區球隊破局，今天又傳出魔術對林書豪有興趣。    根據消息，林書豪在黃蜂隊擔任教練的克里夫Steve Clifford，目前是魔術總教練，推測  是對林書豪表達興趣因素之一。本季林書豪在老鷹出賽26場，場均10.8分和3.1次助攻，  今年是他合約最後一年，年薪1200萬美元(約3.7億台幣)，老鷹本季打算擺爛，林書豪未  能配合球隊政策，遭懷疑是傳出交易主因。    林書豪NBA生涯從2010年開始，至今已待過7支球隊。    (陳國偉／綜合報導)    新聞網址  https://tw.sports.appledaily.com/realtime/20181221/1487342/      --  |157|96|59|2|推 | 12/21 10:47|rl55586     | 魔術可以啊!!!
89|https://www.ptt.cc/bbs/NBA/M.1545356424.A.572.html|Fri Dec 21 09:40:21 2018|[新聞] 林書豪交易傳聞再起 　奧蘭多魔術有興趣|Gotham (萬惡之城)|101.137.101.35|  林書豪交易傳聞再起 　奧蘭多魔術有興趣      林書豪日前傳聞交易到西區球隊破局，今天又傳出魔術對林書豪有興趣。    根據消息，林書豪在黃蜂隊擔任教練的克里夫Steve Clifford，目前是魔術總教練，推測  是對林書豪表達興趣因素之一。本季林書豪在老鷹出賽26場，場均10.8分和3.1次助攻，  今年是他合約最後一年，年薪1200萬美元(約3.7億台幣)，老鷹本季打算擺爛，林書豪未  能配合球隊政策，遭懷疑是傳出交易主因。    林書豪NBA生涯從2010年開始，至今已待過7支球隊。    (陳國偉／綜合報導)    新聞網址  https://tw.sports.appledaily.com/realtime/20181221/1487342/      --  |157|96|59|2|推 | 12/21 10:47|MixBear     | 魔術林XDD
90|https://www.ptt.cc/bbs/NBA/M.1545356424.A.572.html|Fri Dec 21 09:40:21 2018|[新聞] 林書豪交易傳聞再起 　奧蘭多魔術有興趣|Gotham (萬惡之城)|101.137.101.35|  林書豪交易傳聞再起 　奧蘭多魔術有興趣      林書豪日前傳聞交易到西區球隊破局，今天又傳出魔術對林書豪有興趣。    根據消息，林書豪在黃蜂隊擔任教練的克里夫Steve Clifford，目前是魔術總教練，推測  是對林書豪表達興趣因素之一。本季林書豪在老鷹出賽26場，場均10.8分和3.1次助攻，  今年是他合約最後一年，年薪1200萬美元(約3.7億台幣)，老鷹本季打算擺爛，林書豪未  能配合球隊政策，遭懷疑是傳出交易主因。    林書豪NBA生涯從2010年開始，至今已待過7支球隊。    (陳國偉／綜合報導)    新聞網址  https://tw.sports.appledaily.com/realtime/20181221/1487342/      --  |157|96|59|2|噓 | 12/21 10:49|b07130602   | 根據消息是根據什麼消息？台媒這樣就一篇？
91|https://www.ptt.cc/bbs/NBA/M.1545356424.A.572.html|Fri Dec 21 09:40:21 2018|[新聞] 林書豪交易傳聞再起 　奧蘭多魔術有興趣|Gotham (萬惡之城)|101.137.101.35|  林書豪交易傳聞再起 　奧蘭多魔術有興趣      林書豪日前傳聞交易到西區球隊破局，今天又傳出魔術對林書豪有興趣。    根據消息，林書豪在黃蜂隊擔任教練的克里夫Steve Clifford，目前是魔術總教練，推測  是對林書豪表達興趣因素之一。本季林書豪在老鷹出賽26場，場均10.8分和3.1次助攻，  今年是他合約最後一年，年薪1200萬美元(約3.7億台幣)，老鷹本季打算擺爛，林書豪未  能配合球隊政策，遭懷疑是傳出交易主因。    林書豪NBA生涯從2010年開始，至今已待過7支球隊。    (陳國偉／綜合報導)    新聞網址  https://tw.sports.appledaily.com/realtime/20181221/1487342/      --  |157|96|59|2|推 | 12/21 10:50|AJStyles    | 魔術林(靈)戳到笑點
92|https://www.ptt.cc/bbs/NBA/M.1545356424.A.572.html|Fri Dec 21 09:40:21 2018|[新聞] 林書豪交易傳聞再起 　奧蘭多魔術有興趣|Gotham (萬惡之城)|101.137.101.35|  林書豪交易傳聞再起 　奧蘭多魔術有興趣      林書豪日前傳聞交易到西區球隊破局，今天又傳出魔術對林書豪有興趣。    根據消息，林書豪在黃蜂隊擔任教練的克里夫Steve Clifford，目前是魔術總教練，推測  是對林書豪表達興趣因素之一。本季林書豪在老鷹出賽26場，場均10.8分和3.1次助攻，  今年是他合約最後一年，年薪1200萬美元(約3.7億台幣)，老鷹本季打算擺爛，林書豪未  能配合球隊政策，遭懷疑是傳出交易主因。    林書豪NBA生涯從2010年開始，至今已待過7支球隊。    (陳國偉／綜合報導)    新聞網址  https://tw.sports.appledaily.com/realtime/20181221/1487342/      --  |157|96|59|2|推 | 12/21 10:51|nuturewind  | 就一直有人在那邊江不符球隊或是不符戰力啊，跟球員
93|https://www.ptt.cc/bbs/NBA/M.1545356424.A.572.html|Fri Dec 21 09:40:21 2018|[新聞] 林書豪交易傳聞再起 　奧蘭多魔術有興趣|Gotham (萬惡之城)|101.137.101.35|  林書豪交易傳聞再起 　奧蘭多魔術有興趣      林書豪日前傳聞交易到西區球隊破局，今天又傳出魔術對林書豪有興趣。    根據消息，林書豪在黃蜂隊擔任教練的克里夫Steve Clifford，目前是魔術總教練，推測  是對林書豪表達興趣因素之一。本季林書豪在老鷹出賽26場，場均10.8分和3.1次助攻，  今年是他合約最後一年，年薪1200萬美元(約3.7億台幣)，老鷹本季打算擺爛，林書豪未  能配合球隊政策，遭懷疑是傳出交易主因。    林書豪NBA生涯從2010年開始，至今已待過7支球隊。    (陳國偉／綜合報導)    新聞網址  https://tw.sports.appledaily.com/realtime/20181221/1487342/      --  |157|96|59|2|→ | 12/21 10:51|nuturewind  | 酸認真就輸了....我是真的蠻希望lin來阿爵跟盧組成
94|https://www.ptt.cc/bbs/NBA/M.1545356424.A.572.html|Fri Dec 21 09:40:21 2018|[新聞] 林書豪交易傳聞再起 　奧蘭多魔術有興趣|Gotham (萬惡之城)|101.137.101.35|  林書豪交易傳聞再起 　奧蘭多魔術有興趣      林書豪日前傳聞交易到西區球隊破局，今天又傳出魔術對林書豪有興趣。    根據消息，林書豪在黃蜂隊擔任教練的克里夫Steve Clifford，目前是魔術總教練，推測  是對林書豪表達興趣因素之一。本季林書豪在老鷹出賽26場，場均10.8分和3.1次助攻，  今年是他合約最後一年，年薪1200萬美元(約3.7億台幣)，老鷹本季打算擺爛，林書豪未  能配合球隊政策，遭懷疑是傳出交易主因。    林書豪NBA生涯從2010年開始，至今已待過7支球隊。    (陳國偉／綜合報導)    新聞網址  https://tw.sports.appledaily.com/realtime/20181221/1487342/      --  |157|96|59|2|→ | 12/21 10:51|nuturewind  | 真.盧林外史連線
95|https://www.ptt.cc/bbs/NBA/M.1545356424.A.572.html|Fri Dec 21 09:40:21 2018|[新聞] 林書豪交易傳聞再起 　奧蘭多魔術有興趣|Gotham (萬惡之城)|101.137.101.35|  林書豪交易傳聞再起 　奧蘭多魔術有興趣      林書豪日前傳聞交易到西區球隊破局，今天又傳出魔術對林書豪有興趣。    根據消息，林書豪在黃蜂隊擔任教練的克里夫Steve Clifford，目前是魔術總教練，推測  是對林書豪表達興趣因素之一。本季林書豪在老鷹出賽26場，場均10.8分和3.1次助攻，  今年是他合約最後一年，年薪1200萬美元(約3.7億台幣)，老鷹本季打算擺爛，林書豪未  能配合球隊政策，遭懷疑是傳出交易主因。    林書豪NBA生涯從2010年開始，至今已待過7支球隊。    (陳國偉／綜合報導)    新聞網址  https://tw.sports.appledaily.com/realtime/20181221/1487342/      --  |157|96|59|2|推 | 12/21 10:53|s02180218   | 魔術真的極缺組織後場 對合約年想拼表現的林 與 有
96|https://www.ptt.cc/bbs/NBA/M.1545356424.A.572.html|Fri Dec 21 09:40:21 2018|[新聞] 林書豪交易傳聞再起 　奧蘭多魔術有興趣|Gotham (萬惡之城)|101.137.101.35|  林書豪交易傳聞再起 　奧蘭多魔術有興趣      林書豪日前傳聞交易到西區球隊破局，今天又傳出魔術對林書豪有興趣。    根據消息，林書豪在黃蜂隊擔任教練的克里夫Steve Clifford，目前是魔術總教練，推測  是對林書豪表達興趣因素之一。本季林書豪在老鷹出賽26場，場均10.8分和3.1次助攻，  今年是他合約最後一年，年薪1200萬美元(約3.7億台幣)，老鷹本季打算擺爛，林書豪未  能配合球隊政策，遭懷疑是傳出交易主因。    林書豪NBA生涯從2010年開始，至今已待過7支球隊。    (陳國偉／綜合報導)    新聞網址  https://tw.sports.appledaily.com/realtime/20181221/1487342/      --  |157|96|59|2|→ | 12/21 10:53|s02180218   | 機會重返季候賽的魔術來說 雙方看對眼也不錯
97|https://www.ptt.cc/bbs/NBA/M.1545356424.A.572.html|Fri Dec 21 09:40:21 2018|[新聞] 林書豪交易傳聞再起 　奧蘭多魔術有興趣|Gotham (萬惡之城)|101.137.101.35|  林書豪交易傳聞再起 　奧蘭多魔術有興趣      林書豪日前傳聞交易到西區球隊破局，今天又傳出魔術對林書豪有興趣。    根據消息，林書豪在黃蜂隊擔任教練的克里夫Steve Clifford，目前是魔術總教練，推測  是對林書豪表達興趣因素之一。本季林書豪在老鷹出賽26場，場均10.8分和3.1次助攻，  今年是他合約最後一年，年薪1200萬美元(約3.7億台幣)，老鷹本季打算擺爛，林書豪未  能配合球隊政策，遭懷疑是傳出交易主因。    林書豪NBA生涯從2010年開始，至今已待過7支球隊。    (陳國偉／綜合報導)    新聞網址  https://tw.sports.appledaily.com/realtime/20181221/1487342/      --  |157|96|59|2|推 | 12/21 10:53|hutten      | 繼續待著也行，老鷹教練對林不錯
98|https://www.ptt.cc/bbs/NBA/M.1545356424.A.572.html|Fri Dec 21 09:40:21 2018|[新聞] 林書豪交易傳聞再起 　奧蘭多魔術有興趣|Gotham (萬惡之城)|101.137.101.35|  林書豪交易傳聞再起 　奧蘭多魔術有興趣      林書豪日前傳聞交易到西區球隊破局，今天又傳出魔術對林書豪有興趣。    根據消息，林書豪在黃蜂隊擔任教練的克里夫Steve Clifford，目前是魔術總教練，推測  是對林書豪表達興趣因素之一。本季林書豪在老鷹出賽26場，場均10.8分和3.1次助攻，  今年是他合約最後一年，年薪1200萬美元(約3.7億台幣)，老鷹本季打算擺爛，林書豪未  能配合球隊政策，遭懷疑是傳出交易主因。    林書豪NBA生涯從2010年開始，至今已待過7支球隊。    (陳國偉／綜合報導)    新聞網址  https://tw.sports.appledaily.com/realtime/20181221/1487342/      --  |157|96|59|2|→ | 12/21 10:56|s02180218   | 季前魔術為了選吹羊來用 把控衛清了  被攔胡尷尬
99|https://www.ptt.cc/bbs/NBA/M.1545356424.A.572.html|Fri Dec 21 09:40:21 2018|[新聞] 林書豪交易傳聞再起 　奧蘭多魔術有興趣|Gotham (萬惡之城)|101.137.101.35|  林書豪交易傳聞再起 　奧蘭多魔術有興趣      林書豪日前傳聞交易到西區球隊破局，今天又傳出魔術對林書豪有興趣。    根據消息，林書豪在黃蜂隊擔任教練的克里夫Steve Clifford，目前是魔術總教練，推測  是對林書豪表達興趣因素之一。本季林書豪在老鷹出賽26場，場均10.8分和3.1次助攻，  今年是他合約最後一年，年薪1200萬美元(約3.7億台幣)，老鷹本季打算擺爛，林書豪未  能配合球隊政策，遭懷疑是傳出交易主因。    林書豪NBA生涯從2010年開始，至今已待過7支球隊。    (陳國偉／綜合報導)    新聞網址  https://tw.sports.appledaily.com/realtime/20181221/1487342/      --  |157|96|59|2|→ | 12/21 10:57|s02180218   | 現在魔術能看的控衛名單只有DJA的樣子
100|https://www.ptt.cc/bbs/NBA/M.1545356424.A.572.html|Fri Dec 21 09:40:21 2018|[新聞] 林書豪交易傳聞再起 　奧蘭多魔術有興趣|Gotham (萬惡之城)|101.137.101.35|  林書豪交易傳聞再起 　奧蘭多魔術有興趣      林書豪日前傳聞交易到西區球隊破局，今天又傳出魔術對林書豪有興趣。    根據消息，林書豪在黃蜂隊擔任教練的克里夫Steve Clifford，目前是魔術總教練，推測  是對林書豪表達興趣因素之一。本季林書豪在老鷹出賽26場，場均10.8分和3.1次助攻，  今年是他合約最後一年，年薪1200萬美元(約3.7億台幣)，老鷹本季打算擺爛，林書豪未  能配合球隊政策，遭懷疑是傳出交易主因。    林書豪NBA生涯從2010年開始，至今已待過7支球隊。    (陳國偉／綜合報導)    新聞網址  https://tw.sports.appledaily.com/realtime/20181221/1487342/      --  |157|96|59|2|推 | 12/21 10:57|airmike     | 送走總比為了坦故意冰好
101|https://www.ptt.cc/bbs/NBA/M.1545356424.A.572.html|Fri Dec 21 09:40:21 2018|[新聞] 林書豪交易傳聞再起 　奧蘭多魔術有興趣|Gotham (萬惡之城)|101.137.101.35|  林書豪交易傳聞再起 　奧蘭多魔術有興趣      林書豪日前傳聞交易到西區球隊破局，今天又傳出魔術對林書豪有興趣。    根據消息，林書豪在黃蜂隊擔任教練的克里夫Steve Clifford，目前是魔術總教練，推測  是對林書豪表達興趣因素之一。本季林書豪在老鷹出賽26場，場均10.8分和3.1次助攻，  今年是他合約最後一年，年薪1200萬美元(約3.7億台幣)，老鷹本季打算擺爛，林書豪未  能配合球隊政策，遭懷疑是傳出交易主因。    林書豪NBA生涯從2010年開始，至今已待過7支球隊。    (陳國偉／綜合報導)    新聞網址  https://tw.sports.appledaily.com/realtime/20181221/1487342/      --  |157|96|59|2|→ | 12/21 10:57|RuleAllWorld| 每場上少少，留下好
102|https://www.ptt.cc/bbs/NBA/M.1545356424.A.572.html|Fri Dec 21 09:40:21 2018|[新聞] 林書豪交易傳聞再起 　奧蘭多魔術有興趣|Gotham (萬惡之城)|101.137.101.35|  林書豪交易傳聞再起 　奧蘭多魔術有興趣      林書豪日前傳聞交易到西區球隊破局，今天又傳出魔術對林書豪有興趣。    根據消息，林書豪在黃蜂隊擔任教練的克里夫Steve Clifford，目前是魔術總教練，推測  是對林書豪表達興趣因素之一。本季林書豪在老鷹出賽26場，場均10.8分和3.1次助攻，  今年是他合約最後一年，年薪1200萬美元(約3.7億台幣)，老鷹本季打算擺爛，林書豪未  能配合球隊政策，遭懷疑是傳出交易主因。    林書豪NBA生涯從2010年開始，至今已待過7支球隊。    (陳國偉／綜合報導)    新聞網址  https://tw.sports.appledaily.com/realtime/20181221/1487342/      --  |157|96|59|2|推 | 12/21 10:58|JustWinslow | 又要重新認識了
103|https://www.ptt.cc/bbs/NBA/M.1545356424.A.572.html|Fri Dec 21 09:40:21 2018|[新聞] 林書豪交易傳聞再起 　奧蘭多魔術有興趣|Gotham (萬惡之城)|101.137.101.35|  林書豪交易傳聞再起 　奧蘭多魔術有興趣      林書豪日前傳聞交易到西區球隊破局，今天又傳出魔術對林書豪有興趣。    根據消息，林書豪在黃蜂隊擔任教練的克里夫Steve Clifford，目前是魔術總教練，推測  是對林書豪表達興趣因素之一。本季林書豪在老鷹出賽26場，場均10.8分和3.1次助攻，  今年是他合約最後一年，年薪1200萬美元(約3.7億台幣)，老鷹本季打算擺爛，林書豪未  能配合球隊政策，遭懷疑是傳出交易主因。    林書豪NBA生涯從2010年開始，至今已待過7支球隊。    (陳國偉／綜合報導)    新聞網址  https://tw.sports.appledaily.com/realtime/20181221/1487342/      --  |157|96|59|2|推 | 12/21 11:01|eno03       | DJA被打點多 不適合先發 我豪空降先發PG
104|https://www.ptt.cc/bbs/NBA/M.1545356424.A.572.html|Fri Dec 21 09:40:21 2018|[新聞] 林書豪交易傳聞再起 　奧蘭多魔術有興趣|Gotham (萬惡之城)|101.137.101.35|  林書豪交易傳聞再起 　奧蘭多魔術有興趣      林書豪日前傳聞交易到西區球隊破局，今天又傳出魔術對林書豪有興趣。    根據消息，林書豪在黃蜂隊擔任教練的克里夫Steve Clifford，目前是魔術總教練，推測  是對林書豪表達興趣因素之一。本季林書豪在老鷹出賽26場，場均10.8分和3.1次助攻，  今年是他合約最後一年，年薪1200萬美元(約3.7億台幣)，老鷹本季打算擺爛，林書豪未  能配合球隊政策，遭懷疑是傳出交易主因。    林書豪NBA生涯從2010年開始，至今已待過7支球隊。    (陳國偉／綜合報導)    新聞網址  https://tw.sports.appledaily.com/realtime/20181221/1487342/      --  |157|96|59|2|推 | 12/21 11:01|McRay258    | 噴一下，敗積清得一乾二淨
105|https://www.ptt.cc/bbs/NBA/M.1545356424.A.572.html|Fri Dec 21 09:40:21 2018|[新聞] 林書豪交易傳聞再起 　奧蘭多魔術有興趣|Gotham (萬惡之城)|101.137.101.35|  林書豪交易傳聞再起 　奧蘭多魔術有興趣      林書豪日前傳聞交易到西區球隊破局，今天又傳出魔術對林書豪有興趣。    根據消息，林書豪在黃蜂隊擔任教練的克里夫Steve Clifford，目前是魔術總教練，推測  是對林書豪表達興趣因素之一。本季林書豪在老鷹出賽26場，場均10.8分和3.1次助攻，  今年是他合約最後一年，年薪1200萬美元(約3.7億台幣)，老鷹本季打算擺爛，林書豪未  能配合球隊政策，遭懷疑是傳出交易主因。    林書豪NBA生涯從2010年開始，至今已待過7支球隊。    (陳國偉／綜合報導)    新聞網址  https://tw.sports.appledaily.com/realtime/20181221/1487342/      --  |157|96|59|2|推 | 12/21 11:04|dss1017     | 去魔術可拚合約，留老鷹可拚復健，都是不錯的
106|https://www.ptt.cc/bbs/NBA/M.1545356424.A.572.html|Fri Dec 21 09:40:21 2018|[新聞] 林書豪交易傳聞再起 　奧蘭多魔術有興趣|Gotham (萬惡之城)|101.137.101.35|  林書豪交易傳聞再起 　奧蘭多魔術有興趣      林書豪日前傳聞交易到西區球隊破局，今天又傳出魔術對林書豪有興趣。    根據消息，林書豪在黃蜂隊擔任教練的克里夫Steve Clifford，目前是魔術總教練，推測  是對林書豪表達興趣因素之一。本季林書豪在老鷹出賽26場，場均10.8分和3.1次助攻，  今年是他合約最後一年，年薪1200萬美元(約3.7億台幣)，老鷹本季打算擺爛，林書豪未  能配合球隊政策，遭懷疑是傳出交易主因。    林書豪NBA生涯從2010年開始，至今已待過7支球隊。    (陳國偉／綜合報導)    新聞網址  https://tw.sports.appledaily.com/realtime/20181221/1487342/      --  |157|96|59|2|推 | 12/21 11:05|littlehouse | 盧林外史XD
107|https://www.ptt.cc/bbs/NBA/M.1545356424.A.572.html|Fri Dec 21 09:40:21 2018|[新聞] 林書豪交易傳聞再起 　奧蘭多魔術有興趣|Gotham (萬惡之城)|101.137.101.35|  林書豪交易傳聞再起 　奧蘭多魔術有興趣      林書豪日前傳聞交易到西區球隊破局，今天又傳出魔術對林書豪有興趣。    根據消息，林書豪在黃蜂隊擔任教練的克里夫Steve Clifford，目前是魔術總教練，推測  是對林書豪表達興趣因素之一。本季林書豪在老鷹出賽26場，場均10.8分和3.1次助攻，  今年是他合約最後一年，年薪1200萬美元(約3.7億台幣)，老鷹本季打算擺爛，林書豪未  能配合球隊政策，遭懷疑是傳出交易主因。    林書豪NBA生涯從2010年開始，至今已待過7支球隊。    (陳國偉／綜合報導)    新聞網址  https://tw.sports.appledaily.com/realtime/20181221/1487342/      --  |157|96|59|2|推 | 12/21 11:06|neos042     | 一樣是坦隊，老鷹教練對豪哥還不錯，反觀BS......
108|https://www.ptt.cc/bbs/NBA/M.1545356424.A.572.html|Fri Dec 21 09:40:21 2018|[新聞] 林書豪交易傳聞再起 　奧蘭多魔術有興趣|Gotham (萬惡之城)|101.137.101.35|  林書豪交易傳聞再起 　奧蘭多魔術有興趣      林書豪日前傳聞交易到西區球隊破局，今天又傳出魔術對林書豪有興趣。    根據消息，林書豪在黃蜂隊擔任教練的克里夫Steve Clifford，目前是魔術總教練，推測  是對林書豪表達興趣因素之一。本季林書豪在老鷹出賽26場，場均10.8分和3.1次助攻，  今年是他合約最後一年，年薪1200萬美元(約3.7億台幣)，老鷹本季打算擺爛，林書豪未  能配合球隊政策，遭懷疑是傳出交易主因。    林書豪NBA生涯從2010年開始，至今已待過7支球隊。    (陳國偉／綜合報導)    新聞網址  https://tw.sports.appledaily.com/realtime/20181221/1487342/      --  |157|96|59|2|推 | 12/21 11:07|akweiyo     | 給豪豪一個機會
109|https://www.ptt.cc/bbs/NBA/M.1545356424.A.572.html|Fri Dec 21 09:40:21 2018|[新聞] 林書豪交易傳聞再起 　奧蘭多魔術有興趣|Gotham (萬惡之城)|101.137.101.35|  林書豪交易傳聞再起 　奧蘭多魔術有興趣      林書豪日前傳聞交易到西區球隊破局，今天又傳出魔術對林書豪有興趣。    根據消息，林書豪在黃蜂隊擔任教練的克里夫Steve Clifford，目前是魔術總教練，推測  是對林書豪表達興趣因素之一。本季林書豪在老鷹出賽26場，場均10.8分和3.1次助攻，  今年是他合約最後一年，年薪1200萬美元(約3.7億台幣)，老鷹本季打算擺爛，林書豪未  能配合球隊政策，遭懷疑是傳出交易主因。    林書豪NBA生涯從2010年開始，至今已待過7支球隊。    (陳國偉／綜合報導)    新聞網址  https://tw.sports.appledaily.com/realtime/20181221/1487342/      --  |157|96|59|2|→ | 12/21 11:10|ClutchShot  | 希望豪豪去馬刺QQ
110|https://www.ptt.cc/bbs/NBA/M.1545356424.A.572.html|Fri Dec 21 09:40:21 2018|[新聞] 林書豪交易傳聞再起 　奧蘭多魔術有興趣|Gotham (萬惡之城)|101.137.101.35|  林書豪交易傳聞再起 　奧蘭多魔術有興趣      林書豪日前傳聞交易到西區球隊破局，今天又傳出魔術對林書豪有興趣。    根據消息，林書豪在黃蜂隊擔任教練的克里夫Steve Clifford，目前是魔術總教練，推測  是對林書豪表達興趣因素之一。本季林書豪在老鷹出賽26場，場均10.8分和3.1次助攻，  今年是他合約最後一年，年薪1200萬美元(約3.7億台幣)，老鷹本季打算擺爛，林書豪未  能配合球隊政策，遭懷疑是傳出交易主因。    林書豪NBA生涯從2010年開始，至今已待過7支球隊。    (陳國偉／綜合報導)    新聞網址  https://tw.sports.appledaily.com/realtime/20181221/1487342/      --  |157|96|59|2|推 | 12/21 11:15|PoLiao      | 火箭瓜哥換書豪
111|https://www.ptt.cc/bbs/NBA/M.1545356424.A.572.html|Fri Dec 21 09:40:21 2018|[新聞] 林書豪交易傳聞再起 　奧蘭多魔術有興趣|Gotham (萬惡之城)|101.137.101.35|  林書豪交易傳聞再起 　奧蘭多魔術有興趣      林書豪日前傳聞交易到西區球隊破局，今天又傳出魔術對林書豪有興趣。    根據消息，林書豪在黃蜂隊擔任教練的克里夫Steve Clifford，目前是魔術總教練，推測  是對林書豪表達興趣因素之一。本季林書豪在老鷹出賽26場，場均10.8分和3.1次助攻，  今年是他合約最後一年，年薪1200萬美元(約3.7億台幣)，老鷹本季打算擺爛，林書豪未  能配合球隊政策，遭懷疑是傳出交易主因。    林書豪NBA生涯從2010年開始，至今已待過7支球隊。    (陳國偉／綜合報導)    新聞網址  https://tw.sports.appledaily.com/realtime/20181221/1487342/      --  |157|96|59|2|推 | 12/21 11:16|kuloda      | 老鷹教練說真的對林真的算蠻好的
112|https://www.ptt.cc/bbs/NBA/M.1545356424.A.572.html|Fri Dec 21 09:40:21 2018|[新聞] 林書豪交易傳聞再起 　奧蘭多魔術有興趣|Gotham (萬惡之城)|101.137.101.35|  林書豪交易傳聞再起 　奧蘭多魔術有興趣      林書豪日前傳聞交易到西區球隊破局，今天又傳出魔術對林書豪有興趣。    根據消息，林書豪在黃蜂隊擔任教練的克里夫Steve Clifford，目前是魔術總教練，推測  是對林書豪表達興趣因素之一。本季林書豪在老鷹出賽26場，場均10.8分和3.1次助攻，  今年是他合約最後一年，年薪1200萬美元(約3.7億台幣)，老鷹本季打算擺爛，林書豪未  能配合球隊政策，遭懷疑是傳出交易主因。    林書豪NBA生涯從2010年開始，至今已待過7支球隊。    (陳國偉／綜合報導)    新聞網址  https://tw.sports.appledaily.com/realtime/20181221/1487342/      --  |157|96|59|2|→ | 12/21 11:16|kuloda      | 那個不配合擺爛是記者自己亂唬爛的啦
113|https://www.ptt.cc/bbs/NBA/M.1545356424.A.572.html|Fri Dec 21 09:40:21 2018|[新聞] 林書豪交易傳聞再起 　奧蘭多魔術有興趣|Gotham (萬惡之城)|101.137.101.35|  林書豪交易傳聞再起 　奧蘭多魔術有興趣      林書豪日前傳聞交易到西區球隊破局，今天又傳出魔術對林書豪有興趣。    根據消息，林書豪在黃蜂隊擔任教練的克里夫Steve Clifford，目前是魔術總教練，推測  是對林書豪表達興趣因素之一。本季林書豪在老鷹出賽26場，場均10.8分和3.1次助攻，  今年是他合約最後一年，年薪1200萬美元(約3.7億台幣)，老鷹本季打算擺爛，林書豪未  能配合球隊政策，遭懷疑是傳出交易主因。    林書豪NBA生涯從2010年開始，至今已待過7支球隊。    (陳國偉／綜合報導)    新聞網址  https://tw.sports.appledaily.com/realtime/20181221/1487342/      --  |157|96|59|2|→ | 12/21 11:18|ben4918     | 草莓獸最好是有待過籃網......
114|https://www.ptt.cc/bbs/NBA/M.1545356424.A.572.html|Fri Dec 21 09:40:21 2018|[新聞] 林書豪交易傳聞再起 　奧蘭多魔術有興趣|Gotham (萬惡之城)|101.137.101.35|  林書豪交易傳聞再起 　奧蘭多魔術有興趣      林書豪日前傳聞交易到西區球隊破局，今天又傳出魔術對林書豪有興趣。    根據消息，林書豪在黃蜂隊擔任教練的克里夫Steve Clifford，目前是魔術總教練，推測  是對林書豪表達興趣因素之一。本季林書豪在老鷹出賽26場，場均10.8分和3.1次助攻，  今年是他合約最後一年，年薪1200萬美元(約3.7億台幣)，老鷹本季打算擺爛，林書豪未  能配合球隊政策，遭懷疑是傳出交易主因。    林書豪NBA生涯從2010年開始，至今已待過7支球隊。    (陳國偉／綜合報導)    新聞網址  https://tw.sports.appledaily.com/realtime/20181221/1487342/      --  |157|96|59|2|→ | 12/21 11:24|pooroo      | 林之前在擺爛湖人才真的被教練惡搞
115|https://www.ptt.cc/bbs/NBA/M.1545356424.A.572.html|Fri Dec 21 09:40:21 2018|[新聞] 林書豪交易傳聞再起 　奧蘭多魔術有興趣|Gotham (萬惡之城)|101.137.101.35|  林書豪交易傳聞再起 　奧蘭多魔術有興趣      林書豪日前傳聞交易到西區球隊破局，今天又傳出魔術對林書豪有興趣。    根據消息，林書豪在黃蜂隊擔任教練的克里夫Steve Clifford，目前是魔術總教練，推測  是對林書豪表達興趣因素之一。本季林書豪在老鷹出賽26場，場均10.8分和3.1次助攻，  今年是他合約最後一年，年薪1200萬美元(約3.7億台幣)，老鷹本季打算擺爛，林書豪未  能配合球隊政策，遭懷疑是傳出交易主因。    林書豪NBA生涯從2010年開始，至今已待過7支球隊。    (陳國偉／綜合報導)    新聞網址  https://tw.sports.appledaily.com/realtime/20181221/1487342/      --  |157|96|59|2|→ | 12/21 11:29|littlehouse | 講到敗總就00XX，坦就算了還卸責給球員
116|https://www.ptt.cc/bbs/NBA/M.1545356424.A.572.html|Fri Dec 21 09:40:21 2018|[新聞] 林書豪交易傳聞再起 　奧蘭多魔術有興趣|Gotham (萬惡之城)|101.137.101.35|  林書豪交易傳聞再起 　奧蘭多魔術有興趣      林書豪日前傳聞交易到西區球隊破局，今天又傳出魔術對林書豪有興趣。    根據消息，林書豪在黃蜂隊擔任教練的克里夫Steve Clifford，目前是魔術總教練，推測  是對林書豪表達興趣因素之一。本季林書豪在老鷹出賽26場，場均10.8分和3.1次助攻，  今年是他合約最後一年，年薪1200萬美元(約3.7億台幣)，老鷹本季打算擺爛，林書豪未  能配合球隊政策，遭懷疑是傳出交易主因。    林書豪NBA生涯從2010年開始，至今已待過7支球隊。    (陳國偉／綜合報導)    新聞網址  https://tw.sports.appledaily.com/realtime/20181221/1487342/      --  |157|96|59|2|→ | 12/21 11:30|ilanese     | 老鷹教練都嘛看大比分輸到拉不回來時，才會放豪豪上
117|https://www.ptt.cc/bbs/NBA/M.1545356424.A.572.html|Fri Dec 21 09:40:21 2018|[新聞] 林書豪交易傳聞再起 　奧蘭多魔術有興趣|Gotham (萬惡之城)|101.137.101.35|  林書豪交易傳聞再起 　奧蘭多魔術有興趣      林書豪日前傳聞交易到西區球隊破局，今天又傳出魔術對林書豪有興趣。    根據消息，林書豪在黃蜂隊擔任教練的克里夫Steve Clifford，目前是魔術總教練，推測  是對林書豪表達興趣因素之一。本季林書豪在老鷹出賽26場，場均10.8分和3.1次助攻，  今年是他合約最後一年，年薪1200萬美元(約3.7億台幣)，老鷹本季打算擺爛，林書豪未  能配合球隊政策，遭懷疑是傳出交易主因。    林書豪NBA生涯從2010年開始，至今已待過7支球隊。    (陳國偉／綜合報導)    新聞網址  https://tw.sports.appledaily.com/realtime/20181221/1487342/      --  |157|96|59|2|→ | 12/21 11:31|ilanese     | 場作商品展示。
118|https://www.ptt.cc/bbs/NBA/M.1545356424.A.572.html|Fri Dec 21 09:40:21 2018|[新聞] 林書豪交易傳聞再起 　奧蘭多魔術有興趣|Gotham (萬惡之城)|101.137.101.35|  林書豪交易傳聞再起 　奧蘭多魔術有興趣      林書豪日前傳聞交易到西區球隊破局，今天又傳出魔術對林書豪有興趣。    根據消息，林書豪在黃蜂隊擔任教練的克里夫Steve Clifford，目前是魔術總教練，推測  是對林書豪表達興趣因素之一。本季林書豪在老鷹出賽26場，場均10.8分和3.1次助攻，  今年是他合約最後一年，年薪1200萬美元(約3.7億台幣)，老鷹本季打算擺爛，林書豪未  能配合球隊政策，遭懷疑是傳出交易主因。    林書豪NBA生涯從2010年開始，至今已待過7支球隊。    (陳國偉／綜合報導)    新聞網址  https://tw.sports.appledaily.com/realtime/20181221/1487342/      --  |157|96|59|2|→ | 12/21 11:32|ilanese     | 新秀練兵＋坦克策略＋商品展示，一箭三雕。
119|https://www.ptt.cc/bbs/NBA/M.1545356424.A.572.html|Fri Dec 21 09:40:21 2018|[新聞] 林書豪交易傳聞再起 　奧蘭多魔術有興趣|Gotham (萬惡之城)|101.137.101.35|  林書豪交易傳聞再起 　奧蘭多魔術有興趣      林書豪日前傳聞交易到西區球隊破局，今天又傳出魔術對林書豪有興趣。    根據消息，林書豪在黃蜂隊擔任教練的克里夫Steve Clifford，目前是魔術總教練，推測  是對林書豪表達興趣因素之一。本季林書豪在老鷹出賽26場，場均10.8分和3.1次助攻，  今年是他合約最後一年，年薪1200萬美元(約3.7億台幣)，老鷹本季打算擺爛，林書豪未  能配合球隊政策，遭懷疑是傳出交易主因。    林書豪NBA生涯從2010年開始，至今已待過7支球隊。    (陳國偉／綜合報導)    新聞網址  https://tw.sports.appledaily.com/realtime/20181221/1487342/      --  |157|96|59|2|→ | 12/21 11:33|ilanese     | 老鷹今年應該會有兩支首輪籤，加上一直有在練兵，應
120|https://www.ptt.cc/bbs/NBA/M.1545356424.A.572.html|Fri Dec 21 09:40:21 2018|[新聞] 林書豪交易傳聞再起 　奧蘭多魔術有興趣|Gotham (萬惡之城)|101.137.101.35|  林書豪交易傳聞再起 　奧蘭多魔術有興趣      林書豪日前傳聞交易到西區球隊破局，今天又傳出魔術對林書豪有興趣。    根據消息，林書豪在黃蜂隊擔任教練的克里夫Steve Clifford，目前是魔術總教練，推測  是對林書豪表達興趣因素之一。本季林書豪在老鷹出賽26場，場均10.8分和3.1次助攻，  今年是他合約最後一年，年薪1200萬美元(約3.7億台幣)，老鷹本季打算擺爛，林書豪未  能配合球隊政策，遭懷疑是傳出交易主因。    林書豪NBA生涯從2010年開始，至今已待過7支球隊。    (陳國偉／綜合報導)    新聞網址  https://tw.sports.appledaily.com/realtime/20181221/1487342/      --  |157|96|59|2|→ | 12/21 11:33|ilanese     | 該明年就完成重建了。
121|https://www.ptt.cc/bbs/NBA/M.1545356424.A.572.html|Fri Dec 21 09:40:21 2018|[新聞] 林書豪交易傳聞再起 　奧蘭多魔術有興趣|Gotham (萬惡之城)|101.137.101.35|  林書豪交易傳聞再起 　奧蘭多魔術有興趣      林書豪日前傳聞交易到西區球隊破局，今天又傳出魔術對林書豪有興趣。    根據消息，林書豪在黃蜂隊擔任教練的克里夫Steve Clifford，目前是魔術總教練，推測  是對林書豪表達興趣因素之一。本季林書豪在老鷹出賽26場，場均10.8分和3.1次助攻，  今年是他合約最後一年，年薪1200萬美元(約3.7億台幣)，老鷹本季打算擺爛，林書豪未  能配合球隊政策，遭懷疑是傳出交易主因。    林書豪NBA生涯從2010年開始，至今已待過7支球隊。    (陳國偉／綜合報導)    新聞網址  https://tw.sports.appledaily.com/realtime/20181221/1487342/      --  |157|96|59|2|→ | 12/21 11:34|sasakihiroto| 老鷹發揮空間還行 就是有點坦XD
122|https://www.ptt.cc/bbs/NBA/M.1545356424.A.572.html|Fri Dec 21 09:40:21 2018|[新聞] 林書豪交易傳聞再起 　奧蘭多魔術有興趣|Gotham (萬惡之城)|101.137.101.35|  林書豪交易傳聞再起 　奧蘭多魔術有興趣      林書豪日前傳聞交易到西區球隊破局，今天又傳出魔術對林書豪有興趣。    根據消息，林書豪在黃蜂隊擔任教練的克里夫Steve Clifford，目前是魔術總教練，推測  是對林書豪表達興趣因素之一。本季林書豪在老鷹出賽26場，場均10.8分和3.1次助攻，  今年是他合約最後一年，年薪1200萬美元(約3.7億台幣)，老鷹本季打算擺爛，林書豪未  能配合球隊政策，遭懷疑是傳出交易主因。    林書豪NBA生涯從2010年開始，至今已待過7支球隊。    (陳國偉／綜合報導)    新聞網址  https://tw.sports.appledaily.com/realtime/20181221/1487342/      --  |157|96|59|2|→ | 12/21 11:37|lgates      | 開始了 賓果盤
123|https://www.ptt.cc/bbs/NBA/M.1545356424.A.572.html|Fri Dec 21 09:40:21 2018|[新聞] 林書豪交易傳聞再起 　奧蘭多魔術有興趣|Gotham (萬惡之城)|101.137.101.35|  林書豪交易傳聞再起 　奧蘭多魔術有興趣      林書豪日前傳聞交易到西區球隊破局，今天又傳出魔術對林書豪有興趣。    根據消息，林書豪在黃蜂隊擔任教練的克里夫Steve Clifford，目前是魔術總教練，推測  是對林書豪表達興趣因素之一。本季林書豪在老鷹出賽26場，場均10.8分和3.1次助攻，  今年是他合約最後一年，年薪1200萬美元(約3.7億台幣)，老鷹本季打算擺爛，林書豪未  能配合球隊政策，遭懷疑是傳出交易主因。    林書豪NBA生涯從2010年開始，至今已待過7支球隊。    (陳國偉／綜合報導)    新聞網址  https://tw.sports.appledaily.com/realtime/20181221/1487342/      --  |157|96|59|2|→ | 12/21 11:38|Bainite     | 推 加油豪豪
124|https://www.ptt.cc/bbs/NBA/M.1545356424.A.572.html|Fri Dec 21 09:40:21 2018|[新聞] 林書豪交易傳聞再起 　奧蘭多魔術有興趣|Gotham (萬惡之城)|101.137.101.35|  林書豪交易傳聞再起 　奧蘭多魔術有興趣      林書豪日前傳聞交易到西區球隊破局，今天又傳出魔術對林書豪有興趣。    根據消息，林書豪在黃蜂隊擔任教練的克里夫Steve Clifford，目前是魔術總教練，推測  是對林書豪表達興趣因素之一。本季林書豪在老鷹出賽26場，場均10.8分和3.1次助攻，  今年是他合約最後一年，年薪1200萬美元(約3.7億台幣)，老鷹本季打算擺爛，林書豪未  能配合球隊政策，遭懷疑是傳出交易主因。    林書豪NBA生涯從2010年開始，至今已待過7支球隊。    (陳國偉／綜合報導)    新聞網址  https://tw.sports.appledaily.com/realtime/20181221/1487342/      --  |157|96|59|2|推 | 12/21 11:39|iuiuisme    | 1f
125|https://www.ptt.cc/bbs/NBA/M.1545356424.A.572.html|Fri Dec 21 09:40:21 2018|[新聞] 林書豪交易傳聞再起 　奧蘭多魔術有興趣|Gotham (萬惡之城)|101.137.101.35|  林書豪交易傳聞再起 　奧蘭多魔術有興趣      林書豪日前傳聞交易到西區球隊破局，今天又傳出魔術對林書豪有興趣。    根據消息，林書豪在黃蜂隊擔任教練的克里夫Steve Clifford，目前是魔術總教練，推測  是對林書豪表達興趣因素之一。本季林書豪在老鷹出賽26場，場均10.8分和3.1次助攻，  今年是他合約最後一年，年薪1200萬美元(約3.7億台幣)，老鷹本季打算擺爛，林書豪未  能配合球隊政策，遭懷疑是傳出交易主因。    林書豪NBA生涯從2010年開始，至今已待過7支球隊。    (陳國偉／綜合報導)    新聞網址  https://tw.sports.appledaily.com/realtime/20181221/1487342/      --  |157|96|59|2|推 | 12/21 11:39|kuloda      | 現在林輪替還算ok，不是大幅落後才上場
126|https://www.ptt.cc/bbs/NBA/M.1545356424.A.572.html|Fri Dec 21 09:40:21 2018|[新聞] 林書豪交易傳聞再起 　奧蘭多魔術有興趣|Gotham (萬惡之城)|101.137.101.35|  林書豪交易傳聞再起 　奧蘭多魔術有興趣      林書豪日前傳聞交易到西區球隊破局，今天又傳出魔術對林書豪有興趣。    根據消息，林書豪在黃蜂隊擔任教練的克里夫Steve Clifford，目前是魔術總教練，推測  是對林書豪表達興趣因素之一。本季林書豪在老鷹出賽26場，場均10.8分和3.1次助攻，  今年是他合約最後一年，年薪1200萬美元(約3.7億台幣)，老鷹本季打算擺爛，林書豪未  能配合球隊政策，遭懷疑是傳出交易主因。    林書豪NBA生涯從2010年開始，至今已待過7支球隊。    (陳國偉／綜合報導)    新聞網址  https://tw.sports.appledaily.com/realtime/20181221/1487342/      --  |157|96|59|2|推 | 12/21 11:41|wolve       | 讚啦
127|https://www.ptt.cc/bbs/NBA/M.1545356424.A.572.html|Fri Dec 21 09:40:21 2018|[新聞] 林書豪交易傳聞再起 　奧蘭多魔術有興趣|Gotham (萬惡之城)|101.137.101.35|  林書豪交易傳聞再起 　奧蘭多魔術有興趣      林書豪日前傳聞交易到西區球隊破局，今天又傳出魔術對林書豪有興趣。    根據消息，林書豪在黃蜂隊擔任教練的克里夫Steve Clifford，目前是魔術總教練，推測  是對林書豪表達興趣因素之一。本季林書豪在老鷹出賽26場，場均10.8分和3.1次助攻，  今年是他合約最後一年，年薪1200萬美元(約3.7億台幣)，老鷹本季打算擺爛，林書豪未  能配合球隊政策，遭懷疑是傳出交易主因。    林書豪NBA生涯從2010年開始，至今已待過7支球隊。    (陳國偉／綜合報導)    新聞網址  https://tw.sports.appledaily.com/realtime/20181221/1487342/      --  |157|96|59|2|→ | 12/21 11:41|SelTek      | 魔術靈XDDDDDDD
128|https://www.ptt.cc/bbs/NBA/M.1545356424.A.572.html|Fri Dec 21 09:40:21 2018|[新聞] 林書豪交易傳聞再起 　奧蘭多魔術有興趣|Gotham (萬惡之城)|101.137.101.35|  林書豪交易傳聞再起 　奧蘭多魔術有興趣      林書豪日前傳聞交易到西區球隊破局，今天又傳出魔術對林書豪有興趣。    根據消息，林書豪在黃蜂隊擔任教練的克里夫Steve Clifford，目前是魔術總教練，推測  是對林書豪表達興趣因素之一。本季林書豪在老鷹出賽26場，場均10.8分和3.1次助攻，  今年是他合約最後一年，年薪1200萬美元(約3.7億台幣)，老鷹本季打算擺爛，林書豪未  能配合球隊政策，遭懷疑是傳出交易主因。    林書豪NBA生涯從2010年開始，至今已待過7支球隊。    (陳國偉／綜合報導)    新聞網址  https://tw.sports.appledaily.com/realtime/20181221/1487342/      --  |157|96|59|2|推 | 12/21 11:43|ms19889120  | 順便可以代言魔術靈了XDDD
129|https://www.ptt.cc/bbs/NBA/M.1545356424.A.572.html|Fri Dec 21 09:40:21 2018|[新聞] 林書豪交易傳聞再起 　奧蘭多魔術有興趣|Gotham (萬惡之城)|101.137.101.35|  林書豪交易傳聞再起 　奧蘭多魔術有興趣      林書豪日前傳聞交易到西區球隊破局，今天又傳出魔術對林書豪有興趣。    根據消息，林書豪在黃蜂隊擔任教練的克里夫Steve Clifford，目前是魔術總教練，推測  是對林書豪表達興趣因素之一。本季林書豪在老鷹出賽26場，場均10.8分和3.1次助攻，  今年是他合約最後一年，年薪1200萬美元(約3.7億台幣)，老鷹本季打算擺爛，林書豪未  能配合球隊政策，遭懷疑是傳出交易主因。    林書豪NBA生涯從2010年開始，至今已待過7支球隊。    (陳國偉／綜合報導)    新聞網址  https://tw.sports.appledaily.com/realtime/20181221/1487342/      --  |157|96|59|2|推 | 12/21 11:46|hygen       | 趕快去，到目前為止克里夫對林算是很會用的了
130|https://www.ptt.cc/bbs/NBA/M.1545356424.A.572.html|Fri Dec 21 09:40:21 2018|[新聞] 林書豪交易傳聞再起 　奧蘭多魔術有興趣|Gotham (萬惡之城)|101.137.101.35|  林書豪交易傳聞再起 　奧蘭多魔術有興趣      林書豪日前傳聞交易到西區球隊破局，今天又傳出魔術對林書豪有興趣。    根據消息，林書豪在黃蜂隊擔任教練的克里夫Steve Clifford，目前是魔術總教練，推測  是對林書豪表達興趣因素之一。本季林書豪在老鷹出賽26場，場均10.8分和3.1次助攻，  今年是他合約最後一年，年薪1200萬美元(約3.7億台幣)，老鷹本季打算擺爛，林書豪未  能配合球隊政策，遭懷疑是傳出交易主因。    林書豪NBA生涯從2010年開始，至今已待過7支球隊。    (陳國偉／綜合報導)    新聞網址  https://tw.sports.appledaily.com/realtime/20181221/1487342/      --  |157|96|59|2|推 | 12/21 11:47|aids893001  | 緯來魔術台
131|https://www.ptt.cc/bbs/NBA/M.1545356424.A.572.html|Fri Dec 21 09:40:21 2018|[新聞] 林書豪交易傳聞再起 　奧蘭多魔術有興趣|Gotham (萬惡之城)|101.137.101.35|  林書豪交易傳聞再起 　奧蘭多魔術有興趣      林書豪日前傳聞交易到西區球隊破局，今天又傳出魔術對林書豪有興趣。    根據消息，林書豪在黃蜂隊擔任教練的克里夫Steve Clifford，目前是魔術總教練，推測  是對林書豪表達興趣因素之一。本季林書豪在老鷹出賽26場，場均10.8分和3.1次助攻，  今年是他合約最後一年，年薪1200萬美元(約3.7億台幣)，老鷹本季打算擺爛，林書豪未  能配合球隊政策，遭懷疑是傳出交易主因。    林書豪NBA生涯從2010年開始，至今已待過7支球隊。    (陳國偉／綜合報導)    新聞網址  https://tw.sports.appledaily.com/realtime/20181221/1487342/      --  |157|96|59|2|推 | 12/21 11:49|vltw5v      | 魔術林讚
132|https://www.ptt.cc/bbs/NBA/M.1545356424.A.572.html|Fri Dec 21 09:40:21 2018|[新聞] 林書豪交易傳聞再起 　奧蘭多魔術有興趣|Gotham (萬惡之城)|101.137.101.35|  林書豪交易傳聞再起 　奧蘭多魔術有興趣      林書豪日前傳聞交易到西區球隊破局，今天又傳出魔術對林書豪有興趣。    根據消息，林書豪在黃蜂隊擔任教練的克里夫Steve Clifford，目前是魔術總教練，推測  是對林書豪表達興趣因素之一。本季林書豪在老鷹出賽26場，場均10.8分和3.1次助攻，  今年是他合約最後一年，年薪1200萬美元(約3.7億台幣)，老鷹本季打算擺爛，林書豪未  能配合球隊政策，遭懷疑是傳出交易主因。    林書豪NBA生涯從2010年開始，至今已待過7支球隊。    (陳國偉／綜合報導)    新聞網址  https://tw.sports.appledaily.com/realtime/20181221/1487342/      --  |157|96|59|2|推 | 12/21 11:51|neilss0088  | 魔術拿誰換?老鷹就要擺爛了，誰都行吧
133|https://www.ptt.cc/bbs/NBA/M.1545356424.A.572.html|Fri Dec 21 09:40:21 2018|[新聞] 林書豪交易傳聞再起 　奧蘭多魔術有興趣|Gotham (萬惡之城)|101.137.101.35|  林書豪交易傳聞再起 　奧蘭多魔術有興趣      林書豪日前傳聞交易到西區球隊破局，今天又傳出魔術對林書豪有興趣。    根據消息，林書豪在黃蜂隊擔任教練的克里夫Steve Clifford，目前是魔術總教練，推測  是對林書豪表達興趣因素之一。本季林書豪在老鷹出賽26場，場均10.8分和3.1次助攻，  今年是他合約最後一年，年薪1200萬美元(約3.7億台幣)，老鷹本季打算擺爛，林書豪未  能配合球隊政策，遭懷疑是傳出交易主因。    林書豪NBA生涯從2010年開始，至今已待過7支球隊。    (陳國偉／綜合報導)    新聞網址  https://tw.sports.appledaily.com/realtime/20181221/1487342/      --  |157|96|59|2|推 | 12/21 11:51|to860601    | 希望去魔術阿！！！老魔迷來了
134|https://www.ptt.cc/bbs/NBA/M.1545356424.A.572.html|Fri Dec 21 09:40:21 2018|[新聞] 林書豪交易傳聞再起 　奧蘭多魔術有興趣|Gotham (萬惡之城)|101.137.101.35|  林書豪交易傳聞再起 　奧蘭多魔術有興趣      林書豪日前傳聞交易到西區球隊破局，今天又傳出魔術對林書豪有興趣。    根據消息，林書豪在黃蜂隊擔任教練的克里夫Steve Clifford，目前是魔術總教練，推測  是對林書豪表達興趣因素之一。本季林書豪在老鷹出賽26場，場均10.8分和3.1次助攻，  今年是他合約最後一年，年薪1200萬美元(約3.7億台幣)，老鷹本季打算擺爛，林書豪未  能配合球隊政策，遭懷疑是傳出交易主因。    林書豪NBA生涯從2010年開始，至今已待過7支球隊。    (陳國偉／綜合報導)    新聞網址  https://tw.sports.appledaily.com/realtime/20181221/1487342/      --  |157|96|59|2|推 | 12/21 11:56|qx5         | 拜託快去，看老鷹擺爛真的很難看
135|https://www.ptt.cc/bbs/NBA/M.1545356424.A.572.html|Fri Dec 21 09:40:21 2018|[新聞] 林書豪交易傳聞再起 　奧蘭多魔術有興趣|Gotham (萬惡之城)|101.137.101.35|  林書豪交易傳聞再起 　奧蘭多魔術有興趣      林書豪日前傳聞交易到西區球隊破局，今天又傳出魔術對林書豪有興趣。    根據消息，林書豪在黃蜂隊擔任教練的克里夫Steve Clifford，目前是魔術總教練，推測  是對林書豪表達興趣因素之一。本季林書豪在老鷹出賽26場，場均10.8分和3.1次助攻，  今年是他合約最後一年，年薪1200萬美元(約3.7億台幣)，老鷹本季打算擺爛，林書豪未  能配合球隊政策，遭懷疑是傳出交易主因。    林書豪NBA生涯從2010年開始，至今已待過7支球隊。    (陳國偉／綜合報導)    新聞網址  https://tw.sports.appledaily.com/realtime/20181221/1487342/      --  |157|96|59|2|推 | 12/21 12:07|tj456913    | 1樓哈哈
136|https://www.ptt.cc/bbs/NBA/M.1545356424.A.572.html|Fri Dec 21 09:40:21 2018|[新聞] 林書豪交易傳聞再起 　奧蘭多魔術有興趣|Gotham (萬惡之城)|101.137.101.35|  林書豪交易傳聞再起 　奧蘭多魔術有興趣      林書豪日前傳聞交易到西區球隊破局，今天又傳出魔術對林書豪有興趣。    根據消息，林書豪在黃蜂隊擔任教練的克里夫Steve Clifford，目前是魔術總教練，推測  是對林書豪表達興趣因素之一。本季林書豪在老鷹出賽26場，場均10.8分和3.1次助攻，  今年是他合約最後一年，年薪1200萬美元(約3.7億台幣)，老鷹本季打算擺爛，林書豪未  能配合球隊政策，遭懷疑是傳出交易主因。    林書豪NBA生涯從2010年開始，至今已待過7支球隊。    (陳國偉／綜合報導)    新聞網址  https://tw.sports.appledaily.com/realtime/20181221/1487342/      --  |157|96|59|2|推 | 12/21 12:09|sunnyyoung  | 魔術林XDD
137|https://www.ptt.cc/bbs/NBA/M.1545356424.A.572.html|Fri Dec 21 09:40:21 2018|[新聞] 林書豪交易傳聞再起 　奧蘭多魔術有興趣|Gotham (萬惡之城)|101.137.101.35|  林書豪交易傳聞再起 　奧蘭多魔術有興趣      林書豪日前傳聞交易到西區球隊破局，今天又傳出魔術對林書豪有興趣。    根據消息，林書豪在黃蜂隊擔任教練的克里夫Steve Clifford，目前是魔術總教練，推測  是對林書豪表達興趣因素之一。本季林書豪在老鷹出賽26場，場均10.8分和3.1次助攻，  今年是他合約最後一年，年薪1200萬美元(約3.7億台幣)，老鷹本季打算擺爛，林書豪未  能配合球隊政策，遭懷疑是傳出交易主因。    林書豪NBA生涯從2010年開始，至今已待過7支球隊。    (陳國偉／綜合報導)    新聞網址  https://tw.sports.appledaily.com/realtime/20181221/1487342/      --  |157|96|59|2|推 | 12/21 12:12|rbking21    | DJA不錯 但是矮小 當板凳暴徒搶分比較適合 Lin如果
138|https://www.ptt.cc/bbs/NBA/M.1545356424.A.572.html|Fri Dec 21 09:40:21 2018|[新聞] 林書豪交易傳聞再起 　奧蘭多魔術有興趣|Gotham (萬惡之城)|101.137.101.35|  林書豪交易傳聞再起 　奧蘭多魔術有興趣      林書豪日前傳聞交易到西區球隊破局，今天又傳出魔術對林書豪有興趣。    根據消息，林書豪在黃蜂隊擔任教練的克里夫Steve Clifford，目前是魔術總教練，推測  是對林書豪表達興趣因素之一。本季林書豪在老鷹出賽26場，場均10.8分和3.1次助攻，  今年是他合約最後一年，年薪1200萬美元(約3.7億台幣)，老鷹本季打算擺爛，林書豪未  能配合球隊政策，遭懷疑是傳出交易主因。    林書豪NBA生涯從2010年開始，至今已待過7支球隊。    (陳國偉／綜合報導)    新聞網址  https://tw.sports.appledaily.com/realtime/20181221/1487342/      --  |157|96|59|2|→ | 12/21 12:12|rbking21    | 健康配上一大票生猛鋒線應該很棒
139|https://www.ptt.cc/bbs/NBA/M.1545356424.A.572.html|Fri Dec 21 09:40:21 2018|[新聞] 林書豪交易傳聞再起 　奧蘭多魔術有興趣|Gotham (萬惡之城)|101.137.101.35|  林書豪交易傳聞再起 　奧蘭多魔術有興趣      林書豪日前傳聞交易到西區球隊破局，今天又傳出魔術對林書豪有興趣。    根據消息，林書豪在黃蜂隊擔任教練的克里夫Steve Clifford，目前是魔術總教練，推測  是對林書豪表達興趣因素之一。本季林書豪在老鷹出賽26場，場均10.8分和3.1次助攻，  今年是他合約最後一年，年薪1200萬美元(約3.7億台幣)，老鷹本季打算擺爛，林書豪未  能配合球隊政策，遭懷疑是傳出交易主因。    林書豪NBA生涯從2010年開始，至今已待過7支球隊。    (陳國偉／綜合報導)    新聞網址  https://tw.sports.appledaily.com/realtime/20181221/1487342/      --  |157|96|59|2|推 | 12/21 12:39|akillu      | 快交易吧 不用看電視台一直播老鷹擺爛比賽了
140|https://www.ptt.cc/bbs/NBA/M.1545356424.A.572.html|Fri Dec 21 09:40:21 2018|[新聞] 林書豪交易傳聞再起 　奧蘭多魔術有興趣|Gotham (萬惡之城)|101.137.101.35|  林書豪交易傳聞再起 　奧蘭多魔術有興趣      林書豪日前傳聞交易到西區球隊破局，今天又傳出魔術對林書豪有興趣。    根據消息，林書豪在黃蜂隊擔任教練的克里夫Steve Clifford，目前是魔術總教練，推測  是對林書豪表達興趣因素之一。本季林書豪在老鷹出賽26場，場均10.8分和3.1次助攻，  今年是他合約最後一年，年薪1200萬美元(約3.7億台幣)，老鷹本季打算擺爛，林書豪未  能配合球隊政策，遭懷疑是傳出交易主因。    林書豪NBA生涯從2010年開始，至今已待過7支球隊。    (陳國偉／綜合報導)    新聞網址  https://tw.sports.appledaily.com/realtime/20181221/1487342/      --  |157|96|59|2|推 | 12/21 12:39|dragon49er  | 豪哥快來我魔阿~~~~~
141|https://www.ptt.cc/bbs/NBA/M.1545356424.A.572.html|Fri Dec 21 09:40:21 2018|[新聞] 林書豪交易傳聞再起 　奧蘭多魔術有興趣|Gotham (萬惡之城)|101.137.101.35|  林書豪交易傳聞再起 　奧蘭多魔術有興趣      林書豪日前傳聞交易到西區球隊破局，今天又傳出魔術對林書豪有興趣。    根據消息，林書豪在黃蜂隊擔任教練的克里夫Steve Clifford，目前是魔術總教練，推測  是對林書豪表達興趣因素之一。本季林書豪在老鷹出賽26場，場均10.8分和3.1次助攻，  今年是他合約最後一年，年薪1200萬美元(約3.7億台幣)，老鷹本季打算擺爛，林書豪未  能配合球隊政策，遭懷疑是傳出交易主因。    林書豪NBA生涯從2010年開始，至今已待過7支球隊。    (陳國偉／綜合報導)    新聞網址  https://tw.sports.appledaily.com/realtime/20181221/1487342/      --  |157|96|59|2|→ | 12/21 12:40|tactics2100 | 不想擺爛浪費時間 求之不得
142|https://www.ptt.cc/bbs/NBA/M.1545356424.A.572.html|Fri Dec 21 09:40:21 2018|[新聞] 林書豪交易傳聞再起 　奧蘭多魔術有興趣|Gotham (萬惡之城)|101.137.101.35|  林書豪交易傳聞再起 　奧蘭多魔術有興趣      林書豪日前傳聞交易到西區球隊破局，今天又傳出魔術對林書豪有興趣。    根據消息，林書豪在黃蜂隊擔任教練的克里夫Steve Clifford，目前是魔術總教練，推測  是對林書豪表達興趣因素之一。本季林書豪在老鷹出賽26場，場均10.8分和3.1次助攻，  今年是他合約最後一年，年薪1200萬美元(約3.7億台幣)，老鷹本季打算擺爛，林書豪未  能配合球隊政策，遭懷疑是傳出交易主因。    林書豪NBA生涯從2010年開始，至今已待過7支球隊。    (陳國偉／綜合報導)    新聞網址  https://tw.sports.appledaily.com/realtime/20181221/1487342/      --  |157|96|59|2|→ | 12/21 12:40|GABA        | 清潔用品廣告接一波
143|https://www.ptt.cc/bbs/NBA/M.1545356424.A.572.html|Fri Dec 21 09:40:21 2018|[新聞] 林書豪交易傳聞再起 　奧蘭多魔術有興趣|Gotham (萬惡之城)|101.137.101.35|  林書豪交易傳聞再起 　奧蘭多魔術有興趣      林書豪日前傳聞交易到西區球隊破局，今天又傳出魔術對林書豪有興趣。    根據消息，林書豪在黃蜂隊擔任教練的克里夫Steve Clifford，目前是魔術總教練，推測  是對林書豪表達興趣因素之一。本季林書豪在老鷹出賽26場，場均10.8分和3.1次助攻，  今年是他合約最後一年，年薪1200萬美元(約3.7億台幣)，老鷹本季打算擺爛，林書豪未  能配合球隊政策，遭懷疑是傳出交易主因。    林書豪NBA生涯從2010年開始，至今已待過7支球隊。    (陳國偉／綜合報導)    新聞網址  https://tw.sports.appledaily.com/realtime/20181221/1487342/      --  |157|96|59|2|推 | 12/21 12:54|marskam723  | 擺爛的老鷹
144|https://www.ptt.cc/bbs/NBA/M.1545356424.A.572.html|Fri Dec 21 09:40:21 2018|[新聞] 林書豪交易傳聞再起 　奧蘭多魔術有興趣|Gotham (萬惡之城)|101.137.101.35|  林書豪交易傳聞再起 　奧蘭多魔術有興趣      林書豪日前傳聞交易到西區球隊破局，今天又傳出魔術對林書豪有興趣。    根據消息，林書豪在黃蜂隊擔任教練的克里夫Steve Clifford，目前是魔術總教練，推測  是對林書豪表達興趣因素之一。本季林書豪在老鷹出賽26場，場均10.8分和3.1次助攻，  今年是他合約最後一年，年薪1200萬美元(約3.7億台幣)，老鷹本季打算擺爛，林書豪未  能配合球隊政策，遭懷疑是傳出交易主因。    林書豪NBA生涯從2010年開始，至今已待過7支球隊。    (陳國偉／綜合報導)    新聞網址  https://tw.sports.appledaily.com/realtime/20181221/1487342/      --  |157|96|59|2|推 | 12/21 13:00|AustinParis | 我喜歡魔術的球衣
145|https://www.ptt.cc/bbs/NBA/M.1545356424.A.572.html|Fri Dec 21 09:40:21 2018|[新聞] 林書豪交易傳聞再起 　奧蘭多魔術有興趣|Gotham (萬惡之城)|101.137.101.35|  林書豪交易傳聞再起 　奧蘭多魔術有興趣      林書豪日前傳聞交易到西區球隊破局，今天又傳出魔術對林書豪有興趣。    根據消息，林書豪在黃蜂隊擔任教練的克里夫Steve Clifford，目前是魔術總教練，推測  是對林書豪表達興趣因素之一。本季林書豪在老鷹出賽26場，場均10.8分和3.1次助攻，  今年是他合約最後一年，年薪1200萬美元(約3.7億台幣)，老鷹本季打算擺爛，林書豪未  能配合球隊政策，遭懷疑是傳出交易主因。    林書豪NBA生涯從2010年開始，至今已待過7支球隊。    (陳國偉／綜合報導)    新聞網址  https://tw.sports.appledaily.com/realtime/20181221/1487342/      --  |157|96|59|2|推 | 12/21 13:15|AceKiller   | 魔術球衣讚，如果成真希望有出星空款豪衣
146|https://www.ptt.cc/bbs/NBA/M.1545356424.A.572.html|Fri Dec 21 09:40:21 2018|[新聞] 林書豪交易傳聞再起 　奧蘭多魔術有興趣|Gotham (萬惡之城)|101.137.101.35|  林書豪交易傳聞再起 　奧蘭多魔術有興趣      林書豪日前傳聞交易到西區球隊破局，今天又傳出魔術對林書豪有興趣。    根據消息，林書豪在黃蜂隊擔任教練的克里夫Steve Clifford，目前是魔術總教練，推測  是對林書豪表達興趣因素之一。本季林書豪在老鷹出賽26場，場均10.8分和3.1次助攻，  今年是他合約最後一年，年薪1200萬美元(約3.7億台幣)，老鷹本季打算擺爛，林書豪未  能配合球隊政策，遭懷疑是傳出交易主因。    林書豪NBA生涯從2010年開始，至今已待過7支球隊。    (陳國偉／綜合報導)    新聞網址  https://tw.sports.appledaily.com/realtime/20181221/1487342/      --  |157|96|59|2|推 | 12/21 13:19|WASIJLA     | 魔術球衣蠻漂亮的啊
147|https://www.ptt.cc/bbs/NBA/M.1545356424.A.572.html|Fri Dec 21 09:40:21 2018|[新聞] 林書豪交易傳聞再起 　奧蘭多魔術有興趣|Gotham (萬惡之城)|101.137.101.35|  林書豪交易傳聞再起 　奧蘭多魔術有興趣      林書豪日前傳聞交易到西區球隊破局，今天又傳出魔術對林書豪有興趣。    根據消息，林書豪在黃蜂隊擔任教練的克里夫Steve Clifford，目前是魔術總教練，推測  是對林書豪表達興趣因素之一。本季林書豪在老鷹出賽26場，場均10.8分和3.1次助攻，  今年是他合約最後一年，年薪1200萬美元(約3.7億台幣)，老鷹本季打算擺爛，林書豪未  能配合球隊政策，遭懷疑是傳出交易主因。    林書豪NBA生涯從2010年開始，至今已待過7支球隊。    (陳國偉／綜合報導)    新聞網址  https://tw.sports.appledaily.com/realtime/20181221/1487342/      --  |157|96|59|2|推 | 12/21 13:28|windband64  | Lin現在是要拼下一張合約的時候 很難要他配合擺爛吧
148|https://www.ptt.cc/bbs/NBA/M.1545356424.A.572.html|Fri Dec 21 09:40:21 2018|[新聞] 林書豪交易傳聞再起 　奧蘭多魔術有興趣|Gotham (萬惡之城)|101.137.101.35|  林書豪交易傳聞再起 　奧蘭多魔術有興趣      林書豪日前傳聞交易到西區球隊破局，今天又傳出魔術對林書豪有興趣。    根據消息，林書豪在黃蜂隊擔任教練的克里夫Steve Clifford，目前是魔術總教練，推測  是對林書豪表達興趣因素之一。本季林書豪在老鷹出賽26場，場均10.8分和3.1次助攻，  今年是他合約最後一年，年薪1200萬美元(約3.7億台幣)，老鷹本季打算擺爛，林書豪未  能配合球隊政策，遭懷疑是傳出交易主因。    林書豪NBA生涯從2010年開始，至今已待過7支球隊。    (陳國偉／綜合報導)    新聞網址  https://tw.sports.appledaily.com/realtime/20181221/1487342/      --  |157|96|59|2|推 | 12/21 14:56|gadoma      | 去奧蘭多好！
149|https://www.ptt.cc/bbs/NBA/M.1545356424.A.572.html|Fri Dec 21 09:40:21 2018|[新聞] 林書豪交易傳聞再起 　奧蘭多魔術有興趣|Gotham (萬惡之城)|101.137.101.35|  林書豪交易傳聞再起 　奧蘭多魔術有興趣      林書豪日前傳聞交易到西區球隊破局，今天又傳出魔術對林書豪有興趣。    根據消息，林書豪在黃蜂隊擔任教練的克里夫Steve Clifford，目前是魔術總教練，推測  是對林書豪表達興趣因素之一。本季林書豪在老鷹出賽26場，場均10.8分和3.1次助攻，  今年是他合約最後一年，年薪1200萬美元(約3.7億台幣)，老鷹本季打算擺爛，林書豪未  能配合球隊政策，遭懷疑是傳出交易主因。    林書豪NBA生涯從2010年開始，至今已待過7支球隊。    (陳國偉／綜合報導)    新聞網址  https://tw.sports.appledaily.com/realtime/20181221/1487342/      --  |157|96|59|2|→ | 12/21 16:47|opcihcih    | 哭8
150|https://www.ptt.cc/bbs/NBA/M.1545356424.A.572.html|Fri Dec 21 09:40:21 2018|[新聞] 林書豪交易傳聞再起 　奧蘭多魔術有興趣|Gotham (萬惡之城)|101.137.101.35|  林書豪交易傳聞再起 　奧蘭多魔術有興趣      林書豪日前傳聞交易到西區球隊破局，今天又傳出魔術對林書豪有興趣。    根據消息，林書豪在黃蜂隊擔任教練的克里夫Steve Clifford，目前是魔術總教練，推測  是對林書豪表達興趣因素之一。本季林書豪在老鷹出賽26場，場均10.8分和3.1次助攻，  今年是他合約最後一年，年薪1200萬美元(約3.7億台幣)，老鷹本季打算擺爛，林書豪未  能配合球隊政策，遭懷疑是傳出交易主因。    林書豪NBA生涯從2010年開始，至今已待過7支球隊。    (陳國偉／綜合報導)    新聞網址  https://tw.sports.appledaily.com/realtime/20181221/1487342/      --  |157|96|59|2|推 | 12/21 17:32|iloveph     | 魔術林笑死xD
151|https://www.ptt.cc/bbs/NBA/M.1545356424.A.572.html|Fri Dec 21 09:40:21 2018|[新聞] 林書豪交易傳聞再起 　奧蘭多魔術有興趣|Gotham (萬惡之城)|101.137.101.35|  林書豪交易傳聞再起 　奧蘭多魔術有興趣      林書豪日前傳聞交易到西區球隊破局，今天又傳出魔術對林書豪有興趣。    根據消息，林書豪在黃蜂隊擔任教練的克里夫Steve Clifford，目前是魔術總教練，推測  是對林書豪表達興趣因素之一。本季林書豪在老鷹出賽26場，場均10.8分和3.1次助攻，  今年是他合約最後一年，年薪1200萬美元(約3.7億台幣)，老鷹本季打算擺爛，林書豪未  能配合球隊政策，遭懷疑是傳出交易主因。    林書豪NBA生涯從2010年開始，至今已待過7支球隊。    (陳國偉／綜合報導)    新聞網址  https://tw.sports.appledaily.com/realtime/20181221/1487342/      --  |157|96|59|2|推 | 12/21 17:48|nsmmsn      | 魔術林  Magic Lin !
152|https://www.ptt.cc/bbs/NBA/M.1545356424.A.572.html|Fri Dec 21 09:40:21 2018|[新聞] 林書豪交易傳聞再起 　奧蘭多魔術有興趣|Gotham (萬惡之城)|101.137.101.35|  林書豪交易傳聞再起 　奧蘭多魔術有興趣      林書豪日前傳聞交易到西區球隊破局，今天又傳出魔術對林書豪有興趣。    根據消息，林書豪在黃蜂隊擔任教練的克里夫Steve Clifford，目前是魔術總教練，推測  是對林書豪表達興趣因素之一。本季林書豪在老鷹出賽26場，場均10.8分和3.1次助攻，  今年是他合約最後一年，年薪1200萬美元(約3.7億台幣)，老鷹本季打算擺爛，林書豪未  能配合球隊政策，遭懷疑是傳出交易主因。    林書豪NBA生涯從2010年開始，至今已待過7支球隊。    (陳國偉／綜合報導)    新聞網址  https://tw.sports.appledaily.com/realtime/20181221/1487342/      --  |157|96|59|2|推 | 12/21 18:30|jjblood     | 魔術球衣很可以
153|https://www.ptt.cc/bbs/NBA/M.1545356424.A.572.html|Fri Dec 21 09:40:21 2018|[新聞] 林書豪交易傳聞再起 　奧蘭多魔術有興趣|Gotham (萬惡之城)|101.137.101.35|  林書豪交易傳聞再起 　奧蘭多魔術有興趣      林書豪日前傳聞交易到西區球隊破局，今天又傳出魔術對林書豪有興趣。    根據消息，林書豪在黃蜂隊擔任教練的克里夫Steve Clifford，目前是魔術總教練，推測  是對林書豪表達興趣因素之一。本季林書豪在老鷹出賽26場，場均10.8分和3.1次助攻，  今年是他合約最後一年，年薪1200萬美元(約3.7億台幣)，老鷹本季打算擺爛，林書豪未  能配合球隊政策，遭懷疑是傳出交易主因。    林書豪NBA生涯從2010年開始，至今已待過7支球隊。    (陳國偉／綜合報導)    新聞網址  https://tw.sports.appledaily.com/realtime/20181221/1487342/      --  |157|96|59|2|推 | 12/21 20:30|jezz9740    | 魔術林XDD 怎麼這麼有才
154|https://www.ptt.cc/bbs/NBA/M.1545356424.A.572.html|Fri Dec 21 09:40:21 2018|[新聞] 林書豪交易傳聞再起 　奧蘭多魔術有興趣|Gotham (萬惡之城)|101.137.101.35|  林書豪交易傳聞再起 　奧蘭多魔術有興趣      林書豪日前傳聞交易到西區球隊破局，今天又傳出魔術對林書豪有興趣。    根據消息，林書豪在黃蜂隊擔任教練的克里夫Steve Clifford，目前是魔術總教練，推測  是對林書豪表達興趣因素之一。本季林書豪在老鷹出賽26場，場均10.8分和3.1次助攻，  今年是他合約最後一年，年薪1200萬美元(約3.7億台幣)，老鷹本季打算擺爛，林書豪未  能配合球隊政策，遭懷疑是傳出交易主因。    林書豪NBA生涯從2010年開始，至今已待過7支球隊。    (陳國偉／綜合報導)    新聞網址  https://tw.sports.appledaily.com/realtime/20181221/1487342/      --  |157|96|59|2|推 | 12/21 21:31|O10lOl01O   | 喔喔喔 忽然就進入業配時間
155|https://www.ptt.cc/bbs/NBA/M.1545356424.A.572.html|Fri Dec 21 09:40:21 2018|[新聞] 林書豪交易傳聞再起 　奧蘭多魔術有興趣|Gotham (萬惡之城)|101.137.101.35|  林書豪交易傳聞再起 　奧蘭多魔術有興趣      林書豪日前傳聞交易到西區球隊破局，今天又傳出魔術對林書豪有興趣。    根據消息，林書豪在黃蜂隊擔任教練的克里夫Steve Clifford，目前是魔術總教練，推測  是對林書豪表達興趣因素之一。本季林書豪在老鷹出賽26場，場均10.8分和3.1次助攻，  今年是他合約最後一年，年薪1200萬美元(約3.7億台幣)，老鷹本季打算擺爛，林書豪未  能配合球隊政策，遭懷疑是傳出交易主因。    林書豪NBA生涯從2010年開始，至今已待過7支球隊。    (陳國偉／綜合報導)    新聞網址  https://tw.sports.appledaily.com/realtime/20181221/1487342/      --  |157|96|59|2|→ | 12/22 01:54|xodd123456  | 緯來魔術台
156|https://www.ptt.cc/bbs/NBA/M.1545356424.A.572.html|Fri Dec 21 09:40:21 2018|[新聞] 林書豪交易傳聞再起 　奧蘭多魔術有興趣|Gotham (萬惡之城)|101.137.101.35|  林書豪交易傳聞再起 　奧蘭多魔術有興趣      林書豪日前傳聞交易到西區球隊破局，今天又傳出魔術對林書豪有興趣。    根據消息，林書豪在黃蜂隊擔任教練的克里夫Steve Clifford，目前是魔術總教練，推測  是對林書豪表達興趣因素之一。本季林書豪在老鷹出賽26場，場均10.8分和3.1次助攻，  今年是他合約最後一年，年薪1200萬美元(約3.7億台幣)，老鷹本季打算擺爛，林書豪未  能配合球隊政策，遭懷疑是傳出交易主因。    林書豪NBA生涯從2010年開始，至今已待過7支球隊。    (陳國偉／綜合報導)    新聞網址  https://tw.sports.appledaily.com/realtime/20181221/1487342/      --  |157|96|59|2|推 | 12/22 20:04|Bobhaha     | 這個成績配薪水好像還行啊
